变体号,内容,尺寸,原图文件,分享版文件,参考图,prompt
C01,成熟·侧面全身,1024x1536,C01_成熟·侧面全身.png,C01_成熟·侧面全身.jpg,W017,"【本次任务】画一张单人侧面全身立绘：角色侧身站立，面朝画面左侧，双臂自然垂放于身侧，全身完整入画（必须包含鞋子与身后鲸尾）。纯白背景，脚下柔和落影，平视镜头，人物居中。

【角色锁定】【角色锁定·成熟比例鲸鱼娘】成熟比例的蓝色鲸鱼娘，身形修长，腰线清晰，腿部比例较长，
头身比例接近成年女性角色。头发浓密，长度延伸到腰臀以下，发根深海蓝，发束中穿插钴蓝色光泽，
越靠近发尾越转为明亮海蓝与浅青蓝；长发从两肩向外铺开，末端形成层层波浪卷。
额前轻覆额头的侧分斜刘海，脸颊旁留着向内弯曲的短发，头顶一根细长呆毛自然向上弯起；
后脑上层头发编成一圈细辫，并在垂落长发之间系上蓝色蝴蝶结。
面部轮廓纤细柔和，眼睛呈明亮杏仁形，深蓝外圈包裹渐变至亮蓝的虹膜，点缀清晰浅色高光；
神情开朗亲切，眼尾自然舒展，嘴角扬起轻松真诚的笑容，脸颊带淡淡红晕。
头顶佩戴白色层叠蕾丝女仆发箍，两侧各有亮蓝色小蝴蝶结；头侧一对横向舒展的深蓝色鲸鱼鳍状耳朵，
鳍的内侧衬着白色波浪褶边。身穿深蓝与白色的精致女仆服：白色立领下系深蓝领结，
领结中央镶椭圆形蓝宝石与细金边；胸前是带纵向褶裥、纽扣和蕾丝边的白色布料，两肩有白色荷叶边肩饰；
深蓝色袖子微微蓬起，袖口收紧并露出白色花边。腰间贴合身形的深蓝色腰封，前面排列两行小巧金色纽扣。
深蓝色裙摆从腰部自然展开，长度落在小腿中段，线条优雅、垂坠适度，
裙摆叠层次分明的白色荷叶边与蕾丝，裙面点缀细小金色十字星与精致装饰线。
正面系白色围裙，下缘呈柔和波浪形并镶花边，靠近裙角处印有蓝色小鲸鱼图案；
背后系宽大的白色蝴蝶结，缎带顺着裙摆垂落。腰后伸出深海蓝色鲸尾，略带柔和光泽，向外下方延伸，
末端展开为两片宽大的尾鳍，鳍缘渐变成浅蓝色。双腿穿白色过膝长袜，袜口饰蕾丝与深蓝小蝴蝶结；
脚穿深蓝色圆头玛丽珍鞋，脚背横带配金色圆扣，鞋跟为稳重方形中跟。
整体以深海蓝、钴蓝、浅青蓝与白色为主，宝石蓝与少量金色用于精细装饰。

【输出要求】只画一个角色、单幅画面：不要分栏、不要拼版、不要多视图并排、不要网格边框或格线、不要文字标注或箭头说明、不要水印、不要 UI 按钮或滚动条、不要角色设定表的版式。高度还原上述角色设计，画风为精致的日系动漫插画上色（干净的赛璐璐平涂 + 柔和渐变，清晰锐利的线稿）。"
C02,成熟·背面全身,1024x1536,C02_成熟·背面全身.png,C02_成熟·背面全身.jpg,W018,"【本次任务】画一张单人背面全身立绘：角色背对镜头站立，清晰展示背后宽大的白色蝴蝶结与垂落的缎带、后脑上层细辫与其间的蓝色蝴蝶结、以及从腰后伸出并向下方延伸的鲸尾。全身完整入画（必须包含鞋子）。纯白背景，脚下柔和落影。

【角色锁定】【角色锁定·成熟比例鲸鱼娘】成熟比例的蓝色鲸鱼娘，身形修长，腰线清晰，腿部比例较长，
头身比例接近成年女性角色。头发浓密，长度延伸到腰臀以下，发根深海蓝，发束中穿插钴蓝色光泽，
越靠近发尾越转为明亮海蓝与浅青蓝；长发从两肩向外铺开，末端形成层层波浪卷。
额前轻覆额头的侧分斜刘海，脸颊旁留着向内弯曲的短发，头顶一根细长呆毛自然向上弯起；
后脑上层头发编成一圈细辫，并在垂落长发之间系上蓝色蝴蝶结。
面部轮廓纤细柔和，眼睛呈明亮杏仁形，深蓝外圈包裹渐变至亮蓝的虹膜，点缀清晰浅色高光；
神情开朗亲切，眼尾自然舒展，嘴角扬起轻松真诚的笑容，脸颊带淡淡红晕。
头顶佩戴白色层叠蕾丝女仆发箍，两侧各有亮蓝色小蝴蝶结；头侧一对横向舒展的深蓝色鲸鱼鳍状耳朵，
鳍的内侧衬着白色波浪褶边。身穿深蓝与白色的精致女仆服：白色立领下系深蓝领结，
领结中央镶椭圆形蓝宝石与细金边；胸前是带纵向褶裥、纽扣和蕾丝边的白色布料，两肩有白色荷叶边肩饰；
深蓝色袖子微微蓬起，袖口收紧并露出白色花边。腰间贴合身形的深蓝色腰封，前面排列两行小巧金色纽扣。
深蓝色裙摆从腰部自然展开，长度落在小腿中段，线条优雅、垂坠适度，
裙摆叠层次分明的白色荷叶边与蕾丝，裙面点缀细小金色十字星与精致装饰线。
正面系白色围裙，下缘呈柔和波浪形并镶花边，靠近裙角处印有蓝色小鲸鱼图案；
背后系宽大的白色蝴蝶结，缎带顺着裙摆垂落。腰后伸出深海蓝色鲸尾，略带柔和光泽，向外下方延伸，
末端展开为两片宽大的尾鳍，鳍缘渐变成浅蓝色。双腿穿白色过膝长袜，袜口饰蕾丝与深蓝小蝴蝶结；
脚穿深蓝色圆头玛丽珍鞋，脚背横带配金色圆扣，鞋跟为稳重方形中跟。
整体以深海蓝、钴蓝、浅青蓝与白色为主，宝石蓝与少量金色用于精细装饰。

【输出要求】只画一个角色、单幅画面：不要分栏、不要拼版、不要多视图并排、不要网格边框或格线、不要文字标注或箭头说明、不要水印、不要 UI 按钮或滚动条、不要角色设定表的版式。高度还原上述角色设计，画风为精致的日系动漫插画上色（干净的赛璐璐平涂 + 柔和渐变，清晰锐利的线稿）。"
C03,成熟·3/4侧身全身,1024x1536,C03_成熟·3-4侧身全身.png,C03_成熟·3-4侧身全身.jpg,W016,"【本次任务】画一张单人四分之三侧身全身立绘：身体朝向画面右前方约 45 度，脸转向镜头，自然站立、双手轻叠身前，面带开朗笑容，全身完整入画（必须包含鞋子与鲸尾）。纯白背景，脚下柔和落影。

【角色锁定】【角色锁定·成熟比例鲸鱼娘】成熟比例的蓝色鲸鱼娘，身形修长，腰线清晰，腿部比例较长，
头身比例接近成年女性角色。头发浓密，长度延伸到腰臀以下，发根深海蓝，发束中穿插钴蓝色光泽，
越靠近发尾越转为明亮海蓝与浅青蓝；长发从两肩向外铺开，末端形成层层波浪卷。
额前轻覆额头的侧分斜刘海，脸颊旁留着向内弯曲的短发，头顶一根细长呆毛自然向上弯起；
后脑上层头发编成一圈细辫，并在垂落长发之间系上蓝色蝴蝶结。
面部轮廓纤细柔和，眼睛呈明亮杏仁形，深蓝外圈包裹渐变至亮蓝的虹膜，点缀清晰浅色高光；
神情开朗亲切，眼尾自然舒展，嘴角扬起轻松真诚的笑容，脸颊带淡淡红晕。
头顶佩戴白色层叠蕾丝女仆发箍，两侧各有亮蓝色小蝴蝶结；头侧一对横向舒展的深蓝色鲸鱼鳍状耳朵，
鳍的内侧衬着白色波浪褶边。身穿深蓝与白色的精致女仆服：白色立领下系深蓝领结，
领结中央镶椭圆形蓝宝石与细金边；胸前是带纵向褶裥、纽扣和蕾丝边的白色布料，两肩有白色荷叶边肩饰；
深蓝色袖子微微蓬起，袖口收紧并露出白色花边。腰间贴合身形的深蓝色腰封，前面排列两行小巧金色纽扣。
深蓝色裙摆从腰部自然展开，长度落在小腿中段，线条优雅、垂坠适度，
裙摆叠层次分明的白色荷叶边与蕾丝，裙面点缀细小金色十字星与精致装饰线。
正面系白色围裙，下缘呈柔和波浪形并镶花边，靠近裙角处印有蓝色小鲸鱼图案；
背后系宽大的白色蝴蝶结，缎带顺着裙摆垂落。腰后伸出深海蓝色鲸尾，略带柔和光泽，向外下方延伸，
末端展开为两片宽大的尾鳍，鳍缘渐变成浅蓝色。双腿穿白色过膝长袜，袜口饰蕾丝与深蓝小蝴蝶结；
脚穿深蓝色圆头玛丽珍鞋，脚背横带配金色圆扣，鞋跟为稳重方形中跟。
整体以深海蓝、钴蓝、浅青蓝与白色为主，宝石蓝与少量金色用于精细装饰。

【输出要求】只画一个角色、单幅画面：不要分栏、不要拼版、不要多视图并排、不要网格边框或格线、不要文字标注或箭头说明、不要水印、不要 UI 按钮或滚动条、不要角色设定表的版式。高度还原上述角色设计，画风为精致的日系动漫插画上色（干净的赛璐璐平涂 + 柔和渐变，清晰锐利的线稿）。"
C04,Q版·正面全身,1024x1024,C04_Q版·正面全身.png,C04_Q版·正面全身.jpg,W005,"【本次任务】画一张单人正面全身立绘：Q版角色自然站立，双臂微微张开于身侧，正对镜头，开心张嘴笑，全身完整入画（必须包含鞋子与鲸尾）。纯白背景，脚下柔和落影，人物居中。

【角色锁定】【角色锁定·Q版大肥鱼】Q版蓝色鲸鱼娘，约三头身的圆润比例，大头小身材，整体轮廓柔软饱满。
头发以深海蓝为主色，从发根深蓝渐变到发尾明亮海蓝与浅青蓝；额前层叠斜刘海，几束短发贴着圆脸向内弯，
头顶翘起一根弧形呆毛；后发浓密修长，从肩背两侧垂下，末端散成微卷波浪发束。
脸颊圆润，眼睛占脸部很大比例，深蓝外圈包亮蓝虹膜，瞳孔中有大小不同的白色与浅蓝高光；
鼻子小巧，双颊淡粉，嘴巴小而精致。头戴拱起的白色层叠蕾丝女仆发箍，发箍两侧各系一枚亮蓝色小蝴蝶结；
头侧一对向两边展开的鲸鱼鳍状耳朵，外侧深海蓝，内缘带白色波浪形褶边。
身后一条厚实深蓝色鲸尾，从腰后向侧面弯起，末端分成两片圆润尾鳍，下侧颜色渐浅并带一点蓝紫。
身穿深蓝与白色相间的女仆裙：内层白色高领衬衫有细密纵向褶裥和深色纽扣，领口系深蓝蝴蝶结，
中央是一颗金边镶嵌的椭圆蓝宝石；外层深蓝短上衣收在腰间，泡泡袖，袖口露出白色蕾丝；
腰前宽大白色围裙，边缘一圈细密荷叶边，正中印有小蓝鲸与水花图案；深蓝短裙向外撑开，
裙摆下叠多层白色花边，裙面与袖口点缀细小金色十字星、针脚与浅金色蝴蝶结。
腿上白色花边短袜，脚上圆头深蓝色玛丽珍鞋，鞋面各有一枚浅金色小蝴蝶结。
配色以深海蓝、钴蓝、浅海蓝与白色为主，少量金色勾勒细节。

【输出要求】只画一个角色、单幅画面：不要分栏、不要拼版、不要多视图并排、不要网格边框或格线、不要文字标注或箭头说明、不要水印、不要 UI 按钮或滚动条、不要角色设定表的版式。高度还原上述角色设计，画风为精致的日系动漫插画上色（干净的赛璐璐平涂 + 柔和渐变，清晰锐利的线稿）。"
C05,Q版·侧面全身,1024x1024,C05_Q版·侧面全身.png,C05_Q版·侧面全身.jpg,W006,"【本次任务】画一张单人侧面全身立绘：Q版角色侧身站立，面朝画面左侧，全身完整入画（必须包含鞋子与鲸尾）。纯白背景，脚下柔和落影。

【角色锁定】【角色锁定·Q版大肥鱼】Q版蓝色鲸鱼娘，约三头身的圆润比例，大头小身材，整体轮廓柔软饱满。
头发以深海蓝为主色，从发根深蓝渐变到发尾明亮海蓝与浅青蓝；额前层叠斜刘海，几束短发贴着圆脸向内弯，
头顶翘起一根弧形呆毛；后发浓密修长，从肩背两侧垂下，末端散成微卷波浪发束。
脸颊圆润，眼睛占脸部很大比例，深蓝外圈包亮蓝虹膜，瞳孔中有大小不同的白色与浅蓝高光；
鼻子小巧，双颊淡粉，嘴巴小而精致。头戴拱起的白色层叠蕾丝女仆发箍，发箍两侧各系一枚亮蓝色小蝴蝶结；
头侧一对向两边展开的鲸鱼鳍状耳朵，外侧深海蓝，内缘带白色波浪形褶边。
身后一条厚实深蓝色鲸尾，从腰后向侧面弯起，末端分成两片圆润尾鳍，下侧颜色渐浅并带一点蓝紫。
身穿深蓝与白色相间的女仆裙：内层白色高领衬衫有细密纵向褶裥和深色纽扣，领口系深蓝蝴蝶结，
中央是一颗金边镶嵌的椭圆蓝宝石；外层深蓝短上衣收在腰间，泡泡袖，袖口露出白色蕾丝；
腰前宽大白色围裙，边缘一圈细密荷叶边，正中印有小蓝鲸与水花图案；深蓝短裙向外撑开，
裙摆下叠多层白色花边，裙面与袖口点缀细小金色十字星、针脚与浅金色蝴蝶结。
腿上白色花边短袜，脚上圆头深蓝色玛丽珍鞋，鞋面各有一枚浅金色小蝴蝶结。
配色以深海蓝、钴蓝、浅海蓝与白色为主，少量金色勾勒细节。

【输出要求】只画一个角色、单幅画面：不要分栏、不要拼版、不要多视图并排、不要网格边框或格线、不要文字标注或箭头说明、不要水印、不要 UI 按钮或滚动条、不要角色设定表的版式。高度还原上述角色设计，画风为精致的日系动漫插画上色（干净的赛璐璐平涂 + 柔和渐变，清晰锐利的线稿）。"
C06,Q版·背面全身,1024x1024,C06_Q版·背面全身.png,C06_Q版·背面全身.jpg,W007,"【本次任务】画一张单人背面全身立绘：Q版角色背对镜头站立，清晰展示背后白色蝴蝶结与缎带、后脑发束、以及从腰后伸出的鲸尾。全身完整入画（必须包含鞋子）。纯白背景，脚下柔和落影。

【角色锁定】【角色锁定·Q版大肥鱼】Q版蓝色鲸鱼娘，约三头身的圆润比例，大头小身材，整体轮廓柔软饱满。
头发以深海蓝为主色，从发根深蓝渐变到发尾明亮海蓝与浅青蓝；额前层叠斜刘海，几束短发贴着圆脸向内弯，
头顶翘起一根弧形呆毛；后发浓密修长，从肩背两侧垂下，末端散成微卷波浪发束。
脸颊圆润，眼睛占脸部很大比例，深蓝外圈包亮蓝虹膜，瞳孔中有大小不同的白色与浅蓝高光；
鼻子小巧，双颊淡粉，嘴巴小而精致。头戴拱起的白色层叠蕾丝女仆发箍，发箍两侧各系一枚亮蓝色小蝴蝶结；
头侧一对向两边展开的鲸鱼鳍状耳朵，外侧深海蓝，内缘带白色波浪形褶边。
身后一条厚实深蓝色鲸尾，从腰后向侧面弯起，末端分成两片圆润尾鳍，下侧颜色渐浅并带一点蓝紫。
身穿深蓝与白色相间的女仆裙：内层白色高领衬衫有细密纵向褶裥和深色纽扣，领口系深蓝蝴蝶结，
中央是一颗金边镶嵌的椭圆蓝宝石；外层深蓝短上衣收在腰间，泡泡袖，袖口露出白色蕾丝；
腰前宽大白色围裙，边缘一圈细密荷叶边，正中印有小蓝鲸与水花图案；深蓝短裙向外撑开，
裙摆下叠多层白色花边，裙面与袖口点缀细小金色十字星、针脚与浅金色蝴蝶结。
腿上白色花边短袜，脚上圆头深蓝色玛丽珍鞋，鞋面各有一枚浅金色小蝴蝶结。
配色以深海蓝、钴蓝、浅海蓝与白色为主，少量金色勾勒细节。

【输出要求】只画一个角色、单幅画面：不要分栏、不要拼版、不要多视图并排、不要网格边框或格线、不要文字标注或箭头说明、不要水印、不要 UI 按钮或滚动条、不要角色设定表的版式。高度还原上述角色设计，画风为精致的日系动漫插画上色（干净的赛璐璐平涂 + 柔和渐变，清晰锐利的线稿）。"
C07,Q版·3/4侧身全身,1024x1024,C07_Q版·3-4侧身全身.png,C07_Q版·3-4侧身全身.jpg,W005,"【本次任务】画一张单人四分之三侧身全身立绘：Q版角色身体朝向画面右前方约 45 度，脸转向镜头，开心笑，全身完整入画（必须包含鞋子与鲸尾）。纯白背景，脚下柔和落影。

【角色锁定】【角色锁定·Q版大肥鱼】Q版蓝色鲸鱼娘，约三头身的圆润比例，大头小身材，整体轮廓柔软饱满。
头发以深海蓝为主色，从发根深蓝渐变到发尾明亮海蓝与浅青蓝；额前层叠斜刘海，几束短发贴着圆脸向内弯，
头顶翘起一根弧形呆毛；后发浓密修长，从肩背两侧垂下，末端散成微卷波浪发束。
脸颊圆润，眼睛占脸部很大比例，深蓝外圈包亮蓝虹膜，瞳孔中有大小不同的白色与浅蓝高光；
鼻子小巧，双颊淡粉，嘴巴小而精致。头戴拱起的白色层叠蕾丝女仆发箍，发箍两侧各系一枚亮蓝色小蝴蝶结；
头侧一对向两边展开的鲸鱼鳍状耳朵，外侧深海蓝，内缘带白色波浪形褶边。
身后一条厚实深蓝色鲸尾，从腰后向侧面弯起，末端分成两片圆润尾鳍，下侧颜色渐浅并带一点蓝紫。
身穿深蓝与白色相间的女仆裙：内层白色高领衬衫有细密纵向褶裥和深色纽扣，领口系深蓝蝴蝶结，
中央是一颗金边镶嵌的椭圆蓝宝石；外层深蓝短上衣收在腰间，泡泡袖，袖口露出白色蕾丝；
腰前宽大白色围裙，边缘一圈细密荷叶边，正中印有小蓝鲸与水花图案；深蓝短裙向外撑开，
裙摆下叠多层白色花边，裙面与袖口点缀细小金色十字星、针脚与浅金色蝴蝶结。
腿上白色花边短袜，脚上圆头深蓝色玛丽珍鞋，鞋面各有一枚浅金色小蝴蝶结。
配色以深海蓝、钴蓝、浅海蓝与白色为主，少量金色勾勒细节。

【输出要求】只画一个角色、单幅画面：不要分栏、不要拼版、不要多视图并排、不要网格边框或格线、不要文字标注或箭头说明、不要水印、不要 UI 按钮或滚动条、不要角色设定表的版式。高度还原上述角色设计，画风为精致的日系动漫插画上色（干净的赛璐璐平涂 + 柔和渐变，清晰锐利的线稿）。"
C10,Q版·表情大笑,1024x1024,C10_Q版·表情大笑.png,C10_Q版·表情大笑.jpg,W008+W005,"【本次任务】画一张胸像特写（从头顶到胸口上方）：表情为开心大笑：眼睛弯成月牙形、张开嘴露出明朗笑容、眉毛上扬，神情明亮愉快。正对镜头，浅景深，纯白背景。

【角色锁定】【角色锁定·Q版大肥鱼】Q版蓝色鲸鱼娘，约三头身的圆润比例，大头小身材，整体轮廓柔软饱满。
头发以深海蓝为主色，从发根深蓝渐变到发尾明亮海蓝与浅青蓝；额前层叠斜刘海，几束短发贴着圆脸向内弯，
头顶翘起一根弧形呆毛；后发浓密修长，从肩背两侧垂下，末端散成微卷波浪发束。
脸颊圆润，眼睛占脸部很大比例，深蓝外圈包亮蓝虹膜，瞳孔中有大小不同的白色与浅蓝高光；
鼻子小巧，双颊淡粉，嘴巴小而精致。头戴拱起的白色层叠蕾丝女仆发箍，发箍两侧各系一枚亮蓝色小蝴蝶结；
头侧一对向两边展开的鲸鱼鳍状耳朵，外侧深海蓝，内缘带白色波浪形褶边。
身后一条厚实深蓝色鲸尾，从腰后向侧面弯起，末端分成两片圆润尾鳍，下侧颜色渐浅并带一点蓝紫。
身穿深蓝与白色相间的女仆裙：内层白色高领衬衫有细密纵向褶裥和深色纽扣，领口系深蓝蝴蝶结，
中央是一颗金边镶嵌的椭圆蓝宝石；外层深蓝短上衣收在腰间，泡泡袖，袖口露出白色蕾丝；
腰前宽大白色围裙，边缘一圈细密荷叶边，正中印有小蓝鲸与水花图案；深蓝短裙向外撑开，
裙摆下叠多层白色花边，裙面与袖口点缀细小金色十字星、针脚与浅金色蝴蝶结。
腿上白色花边短袜，脚上圆头深蓝色玛丽珍鞋，鞋面各有一枚浅金色小蝴蝶结。
配色以深海蓝、钴蓝、浅海蓝与白色为主，少量金色勾勒细节。

【输出要求】只画一个角色、单幅画面：不要分栏、不要拼版、不要多视图并排、不要网格边框或格线、不要文字标注或箭头说明、不要水印、不要 UI 按钮或滚动条、不要角色设定表的版式。高度还原上述角色设计，画风为精致的日系动漫插画上色（干净的赛璐璐平涂 + 柔和渐变，清晰锐利的线稿）。"
C11,成熟·表情大笑,1024x1024,C11_成熟·表情大笑.png,C11_成熟·表情大笑.jpg,W019+W016,"【本次任务】画一张胸像特写（从头顶到胸口上方）：表情为开心大笑：眼睛弯成月牙形、张开嘴露出明朗笑容、眉毛上扬，神情明亮愉快。正对镜头，浅景深，纯白背景。

【角色锁定】【角色锁定·成熟比例鲸鱼娘】成熟比例的蓝色鲸鱼娘，身形修长，腰线清晰，腿部比例较长，
头身比例接近成年女性角色。头发浓密，长度延伸到腰臀以下，发根深海蓝，发束中穿插钴蓝色光泽，
越靠近发尾越转为明亮海蓝与浅青蓝；长发从两肩向外铺开，末端形成层层波浪卷。
额前轻覆额头的侧分斜刘海，脸颊旁留着向内弯曲的短发，头顶一根细长呆毛自然向上弯起；
后脑上层头发编成一圈细辫，并在垂落长发之间系上蓝色蝴蝶结。
面部轮廓纤细柔和，眼睛呈明亮杏仁形，深蓝外圈包裹渐变至亮蓝的虹膜，点缀清晰浅色高光；
神情开朗亲切，眼尾自然舒展，嘴角扬起轻松真诚的笑容，脸颊带淡淡红晕。
头顶佩戴白色层叠蕾丝女仆发箍，两侧各有亮蓝色小蝴蝶结；头侧一对横向舒展的深蓝色鲸鱼鳍状耳朵，
鳍的内侧衬着白色波浪褶边。身穿深蓝与白色的精致女仆服：白色立领下系深蓝领结，
领结中央镶椭圆形蓝宝石与细金边；胸前是带纵向褶裥、纽扣和蕾丝边的白色布料，两肩有白色荷叶边肩饰；
深蓝色袖子微微蓬起，袖口收紧并露出白色花边。腰间贴合身形的深蓝色腰封，前面排列两行小巧金色纽扣。
深蓝色裙摆从腰部自然展开，长度落在小腿中段，线条优雅、垂坠适度，
裙摆叠层次分明的白色荷叶边与蕾丝，裙面点缀细小金色十字星与精致装饰线。
正面系白色围裙，下缘呈柔和波浪形并镶花边，靠近裙角处印有蓝色小鲸鱼图案；
背后系宽大的白色蝴蝶结，缎带顺着裙摆垂落。腰后伸出深海蓝色鲸尾，略带柔和光泽，向外下方延伸，
末端展开为两片宽大的尾鳍，鳍缘渐变成浅蓝色。双腿穿白色过膝长袜，袜口饰蕾丝与深蓝小蝴蝶结；
脚穿深蓝色圆头玛丽珍鞋，脚背横带配金色圆扣，鞋跟为稳重方形中跟。
整体以深海蓝、钴蓝、浅青蓝与白色为主，宝石蓝与少量金色用于精细装饰。

【输出要求】只画一个角色、单幅画面：不要分栏、不要拼版、不要多视图并排、不要网格边框或格线、不要文字标注或箭头说明、不要水印、不要 UI 按钮或滚动条、不要角色设定表的版式。高度还原上述角色设计，画风为精致的日系动漫插画上色（干净的赛璐璐平涂 + 柔和渐变，清晰锐利的线稿）。"
C12,Q版·表情微笑,1024x1024,C12_Q版·表情微笑.png,C12_Q版·表情微笑.jpg,W008+W005,"【本次任务】画一张胸像特写（从头顶到胸口上方）：表情为温柔微笑：嘴角轻轻上扬、眼神柔和、表情安静亲切。正对镜头，浅景深，纯白背景。

【角色锁定】【角色锁定·Q版大肥鱼】Q版蓝色鲸鱼娘，约三头身的圆润比例，大头小身材，整体轮廓柔软饱满。
头发以深海蓝为主色，从发根深蓝渐变到发尾明亮海蓝与浅青蓝；额前层叠斜刘海，几束短发贴着圆脸向内弯，
头顶翘起一根弧形呆毛；后发浓密修长，从肩背两侧垂下，末端散成微卷波浪发束。
脸颊圆润，眼睛占脸部很大比例，深蓝外圈包亮蓝虹膜，瞳孔中有大小不同的白色与浅蓝高光；
鼻子小巧，双颊淡粉，嘴巴小而精致。头戴拱起的白色层叠蕾丝女仆发箍，发箍两侧各系一枚亮蓝色小蝴蝶结；
头侧一对向两边展开的鲸鱼鳍状耳朵，外侧深海蓝，内缘带白色波浪形褶边。
身后一条厚实深蓝色鲸尾，从腰后向侧面弯起，末端分成两片圆润尾鳍，下侧颜色渐浅并带一点蓝紫。
身穿深蓝与白色相间的女仆裙：内层白色高领衬衫有细密纵向褶裥和深色纽扣，领口系深蓝蝴蝶结，
中央是一颗金边镶嵌的椭圆蓝宝石；外层深蓝短上衣收在腰间，泡泡袖，袖口露出白色蕾丝；
腰前宽大白色围裙，边缘一圈细密荷叶边，正中印有小蓝鲸与水花图案；深蓝短裙向外撑开，
裙摆下叠多层白色花边，裙面与袖口点缀细小金色十字星、针脚与浅金色蝴蝶结。
腿上白色花边短袜，脚上圆头深蓝色玛丽珍鞋，鞋面各有一枚浅金色小蝴蝶结。
配色以深海蓝、钴蓝、浅海蓝与白色为主，少量金色勾勒细节。

【输出要求】只画一个角色、单幅画面：不要分栏、不要拼版、不要多视图并排、不要网格边框或格线、不要文字标注或箭头说明、不要水印、不要 UI 按钮或滚动条、不要角色设定表的版式。高度还原上述角色设计，画风为精致的日系动漫插画上色（干净的赛璐璐平涂 + 柔和渐变，清晰锐利的线稿）。"
C13,成熟·表情微笑,1024x1024,C13_成熟·表情微笑.png,C13_成熟·表情微笑.jpg,W019+W016,"【本次任务】画一张胸像特写（从头顶到胸口上方）：表情为温柔微笑：嘴角轻轻上扬、眼神柔和、表情安静亲切。正对镜头，浅景深，纯白背景。

【角色锁定】【角色锁定·成熟比例鲸鱼娘】成熟比例的蓝色鲸鱼娘，身形修长，腰线清晰，腿部比例较长，
头身比例接近成年女性角色。头发浓密，长度延伸到腰臀以下，发根深海蓝，发束中穿插钴蓝色光泽，
越靠近发尾越转为明亮海蓝与浅青蓝；长发从两肩向外铺开，末端形成层层波浪卷。
额前轻覆额头的侧分斜刘海，脸颊旁留着向内弯曲的短发，头顶一根细长呆毛自然向上弯起；
后脑上层头发编成一圈细辫，并在垂落长发之间系上蓝色蝴蝶结。
面部轮廓纤细柔和，眼睛呈明亮杏仁形，深蓝外圈包裹渐变至亮蓝的虹膜，点缀清晰浅色高光；
神情开朗亲切，眼尾自然舒展，嘴角扬起轻松真诚的笑容，脸颊带淡淡红晕。
头顶佩戴白色层叠蕾丝女仆发箍，两侧各有亮蓝色小蝴蝶结；头侧一对横向舒展的深蓝色鲸鱼鳍状耳朵，
鳍的内侧衬着白色波浪褶边。身穿深蓝与白色的精致女仆服：白色立领下系深蓝领结，
领结中央镶椭圆形蓝宝石与细金边；胸前是带纵向褶裥、纽扣和蕾丝边的白色布料，两肩有白色荷叶边肩饰；
深蓝色袖子微微蓬起，袖口收紧并露出白色花边。腰间贴合身形的深蓝色腰封，前面排列两行小巧金色纽扣。
深蓝色裙摆从腰部自然展开，长度落在小腿中段，线条优雅、垂坠适度，
裙摆叠层次分明的白色荷叶边与蕾丝，裙面点缀细小金色十字星与精致装饰线。
正面系白色围裙，下缘呈柔和波浪形并镶花边，靠近裙角处印有蓝色小鲸鱼图案；
背后系宽大的白色蝴蝶结，缎带顺着裙摆垂落。腰后伸出深海蓝色鲸尾，略带柔和光泽，向外下方延伸，
末端展开为两片宽大的尾鳍，鳍缘渐变成浅蓝色。双腿穿白色过膝长袜，袜口饰蕾丝与深蓝小蝴蝶结；
脚穿深蓝色圆头玛丽珍鞋，脚背横带配金色圆扣，鞋跟为稳重方形中跟。
整体以深海蓝、钴蓝、浅青蓝与白色为主，宝石蓝与少量金色用于精细装饰。

【输出要求】只画一个角色、单幅画面：不要分栏、不要拼版、不要多视图并排、不要网格边框或格线、不要文字标注或箭头说明、不要水印、不要 UI 按钮或滚动条、不要角色设定表的版式。高度还原上述角色设计，画风为精致的日系动漫插画上色（干净的赛璐璐平涂 + 柔和渐变，清晰锐利的线稿）。"
C14,成熟·表情害羞,1024x1024,C14_成熟·表情害羞.png,C14_成熟·表情害羞.jpg,W019+W016,"【本次任务】画一张胸像特写（从头顶到胸口上方）：表情为害羞脸红：双颊明显泛红、眼神略微躲闪并微微向下、嘴巴小而轻轻抿起，双手轻握在胸前。正对镜头，浅景深，纯白背景。

【角色锁定】【角色锁定·成熟比例鲸鱼娘】成熟比例的蓝色鲸鱼娘，身形修长，腰线清晰，腿部比例较长，
头身比例接近成年女性角色。头发浓密，长度延伸到腰臀以下，发根深海蓝，发束中穿插钴蓝色光泽，
越靠近发尾越转为明亮海蓝与浅青蓝；长发从两肩向外铺开，末端形成层层波浪卷。
额前轻覆额头的侧分斜刘海，脸颊旁留着向内弯曲的短发，头顶一根细长呆毛自然向上弯起；
后脑上层头发编成一圈细辫，并在垂落长发之间系上蓝色蝴蝶结。
面部轮廓纤细柔和，眼睛呈明亮杏仁形，深蓝外圈包裹渐变至亮蓝的虹膜，点缀清晰浅色高光；
神情开朗亲切，眼尾自然舒展，嘴角扬起轻松真诚的笑容，脸颊带淡淡红晕。
头顶佩戴白色层叠蕾丝女仆发箍，两侧各有亮蓝色小蝴蝶结；头侧一对横向舒展的深蓝色鲸鱼鳍状耳朵，
鳍的内侧衬着白色波浪褶边。身穿深蓝与白色的精致女仆服：白色立领下系深蓝领结，
领结中央镶椭圆形蓝宝石与细金边；胸前是带纵向褶裥、纽扣和蕾丝边的白色布料，两肩有白色荷叶边肩饰；
深蓝色袖子微微蓬起，袖口收紧并露出白色花边。腰间贴合身形的深蓝色腰封，前面排列两行小巧金色纽扣。
深蓝色裙摆从腰部自然展开，长度落在小腿中段，线条优雅、垂坠适度，
裙摆叠层次分明的白色荷叶边与蕾丝，裙面点缀细小金色十字星与精致装饰线。
正面系白色围裙，下缘呈柔和波浪形并镶花边，靠近裙角处印有蓝色小鲸鱼图案；
背后系宽大的白色蝴蝶结，缎带顺着裙摆垂落。腰后伸出深海蓝色鲸尾，略带柔和光泽，向外下方延伸，
末端展开为两片宽大的尾鳍，鳍缘渐变成浅蓝色。双腿穿白色过膝长袜，袜口饰蕾丝与深蓝小蝴蝶结；
脚穿深蓝色圆头玛丽珍鞋，脚背横带配金色圆扣，鞋跟为稳重方形中跟。
整体以深海蓝、钴蓝、浅青蓝与白色为主，宝石蓝与少量金色用于精细装饰。

【输出要求】只画一个角色、单幅画面：不要分栏、不要拼版、不要多视图并排、不要网格边框或格线、不要文字标注或箭头说明、不要水印、不要 UI 按钮或滚动条、不要角色设定表的版式。高度还原上述角色设计，画风为精致的日系动漫插画上色（干净的赛璐璐平涂 + 柔和渐变，清晰锐利的线稿）。"
C15,Q版·表情不满,1024x1024,C15_Q版·表情不满.png,C15_Q版·表情不满.jpg,W008+W005,"【本次任务】画一张胸像特写（从头顶到胸口上方）：表情为不满生气：眉头皱起、嘴唇微微鼓起、眼神带着不服气，双手叉腰或抱在胸前。正对镜头，浅景深，纯白背景。

【角色锁定】【角色锁定·Q版大肥鱼】Q版蓝色鲸鱼娘，约三头身的圆润比例，大头小身材，整体轮廓柔软饱满。
头发以深海蓝为主色，从发根深蓝渐变到发尾明亮海蓝与浅青蓝；额前层叠斜刘海，几束短发贴着圆脸向内弯，
头顶翘起一根弧形呆毛；后发浓密修长，从肩背两侧垂下，末端散成微卷波浪发束。
脸颊圆润，眼睛占脸部很大比例，深蓝外圈包亮蓝虹膜，瞳孔中有大小不同的白色与浅蓝高光；
鼻子小巧，双颊淡粉，嘴巴小而精致。头戴拱起的白色层叠蕾丝女仆发箍，发箍两侧各系一枚亮蓝色小蝴蝶结；
头侧一对向两边展开的鲸鱼鳍状耳朵，外侧深海蓝，内缘带白色波浪形褶边。
身后一条厚实深蓝色鲸尾，从腰后向侧面弯起，末端分成两片圆润尾鳍，下侧颜色渐浅并带一点蓝紫。
身穿深蓝与白色相间的女仆裙：内层白色高领衬衫有细密纵向褶裥和深色纽扣，领口系深蓝蝴蝶结，
中央是一颗金边镶嵌的椭圆蓝宝石；外层深蓝短上衣收在腰间，泡泡袖，袖口露出白色蕾丝；
腰前宽大白色围裙，边缘一圈细密荷叶边，正中印有小蓝鲸与水花图案；深蓝短裙向外撑开，
裙摆下叠多层白色花边，裙面与袖口点缀细小金色十字星、针脚与浅金色蝴蝶结。
腿上白色花边短袜，脚上圆头深蓝色玛丽珍鞋，鞋面各有一枚浅金色小蝴蝶结。
配色以深海蓝、钴蓝、浅海蓝与白色为主，少量金色勾勒细节。

【输出要求】只画一个角色、单幅画面：不要分栏、不要拼版、不要多视图并排、不要网格边框或格线、不要文字标注或箭头说明、不要水印、不要 UI 按钮或滚动条、不要角色设定表的版式。高度还原上述角色设计，画风为精致的日系动漫插画上色（干净的赛璐璐平涂 + 柔和渐变，清晰锐利的线稿）。"
C16,成熟·表情不满,1024x1024,C16_成熟·表情不满.png,C16_成熟·表情不满.jpg,W019+W016,"【本次任务】画一张胸像特写（从头顶到胸口上方）：表情为不满生气：眉头皱起、嘴唇微微鼓起、眼神带着不服气，双手叉腰或抱在胸前。正对镜头，浅景深，纯白背景。

【角色锁定】【角色锁定·成熟比例鲸鱼娘】成熟比例的蓝色鲸鱼娘，身形修长，腰线清晰，腿部比例较长，
头身比例接近成年女性角色。头发浓密，长度延伸到腰臀以下，发根深海蓝，发束中穿插钴蓝色光泽，
越靠近发尾越转为明亮海蓝与浅青蓝；长发从两肩向外铺开，末端形成层层波浪卷。
额前轻覆额头的侧分斜刘海，脸颊旁留着向内弯曲的短发，头顶一根细长呆毛自然向上弯起；
后脑上层头发编成一圈细辫，并在垂落长发之间系上蓝色蝴蝶结。
面部轮廓纤细柔和，眼睛呈明亮杏仁形，深蓝外圈包裹渐变至亮蓝的虹膜，点缀清晰浅色高光；
神情开朗亲切，眼尾自然舒展，嘴角扬起轻松真诚的笑容，脸颊带淡淡红晕。
头顶佩戴白色层叠蕾丝女仆发箍，两侧各有亮蓝色小蝴蝶结；头侧一对横向舒展的深蓝色鲸鱼鳍状耳朵，
鳍的内侧衬着白色波浪褶边。身穿深蓝与白色的精致女仆服：白色立领下系深蓝领结，
领结中央镶椭圆形蓝宝石与细金边；胸前是带纵向褶裥、纽扣和蕾丝边的白色布料，两肩有白色荷叶边肩饰；
深蓝色袖子微微蓬起，袖口收紧并露出白色花边。腰间贴合身形的深蓝色腰封，前面排列两行小巧金色纽扣。
深蓝色裙摆从腰部自然展开，长度落在小腿中段，线条优雅、垂坠适度，
裙摆叠层次分明的白色荷叶边与蕾丝，裙面点缀细小金色十字星与精致装饰线。
正面系白色围裙，下缘呈柔和波浪形并镶花边，靠近裙角处印有蓝色小鲸鱼图案；
背后系宽大的白色蝴蝶结，缎带顺着裙摆垂落。腰后伸出深海蓝色鲸尾，略带柔和光泽，向外下方延伸，
末端展开为两片宽大的尾鳍，鳍缘渐变成浅蓝色。双腿穿白色过膝长袜，袜口饰蕾丝与深蓝小蝴蝶结；
脚穿深蓝色圆头玛丽珍鞋，脚背横带配金色圆扣，鞋跟为稳重方形中跟。
整体以深海蓝、钴蓝、浅青蓝与白色为主，宝石蓝与少量金色用于精细装饰。

【输出要求】只画一个角色、单幅画面：不要分栏、不要拼版、不要多视图并排、不要网格边框或格线、不要文字标注或箭头说明、不要水印、不要 UI 按钮或滚动条、不要角色设定表的版式。高度还原上述角色设计，画风为精致的日系动漫插画上色（干净的赛璐璐平涂 + 柔和渐变，清晰锐利的线稿）。"
C17,Q版·表情惊讶,1024x1024,C17_Q版·表情惊讶.png,C17_Q版·表情惊讶.jpg,W008+W005,"【本次任务】画一张胸像特写（从头顶到胸口上方）：表情为惊讶：眼睛睁大、眉毛抬高、嘴巴微张成小圆形，身体略向后仰。正对镜头，浅景深，纯白背景。

【角色锁定】【角色锁定·Q版大肥鱼】Q版蓝色鲸鱼娘，约三头身的圆润比例，大头小身材，整体轮廓柔软饱满。
头发以深海蓝为主色，从发根深蓝渐变到发尾明亮海蓝与浅青蓝；额前层叠斜刘海，几束短发贴着圆脸向内弯，
头顶翘起一根弧形呆毛；后发浓密修长，从肩背两侧垂下，末端散成微卷波浪发束。
脸颊圆润，眼睛占脸部很大比例，深蓝外圈包亮蓝虹膜，瞳孔中有大小不同的白色与浅蓝高光；
鼻子小巧，双颊淡粉，嘴巴小而精致。头戴拱起的白色层叠蕾丝女仆发箍，发箍两侧各系一枚亮蓝色小蝴蝶结；
头侧一对向两边展开的鲸鱼鳍状耳朵，外侧深海蓝，内缘带白色波浪形褶边。
身后一条厚实深蓝色鲸尾，从腰后向侧面弯起，末端分成两片圆润尾鳍，下侧颜色渐浅并带一点蓝紫。
身穿深蓝与白色相间的女仆裙：内层白色高领衬衫有细密纵向褶裥和深色纽扣，领口系深蓝蝴蝶结，
中央是一颗金边镶嵌的椭圆蓝宝石；外层深蓝短上衣收在腰间，泡泡袖，袖口露出白色蕾丝；
腰前宽大白色围裙，边缘一圈细密荷叶边，正中印有小蓝鲸与水花图案；深蓝短裙向外撑开，
裙摆下叠多层白色花边，裙面与袖口点缀细小金色十字星、针脚与浅金色蝴蝶结。
腿上白色花边短袜，脚上圆头深蓝色玛丽珍鞋，鞋面各有一枚浅金色小蝴蝶结。
配色以深海蓝、钴蓝、浅海蓝与白色为主，少量金色勾勒细节。

【输出要求】只画一个角色、单幅画面：不要分栏、不要拼版、不要多视图并排、不要网格边框或格线、不要文字标注或箭头说明、不要水印、不要 UI 按钮或滚动条、不要角色设定表的版式。高度还原上述角色设计，画风为精致的日系动漫插画上色（干净的赛璐璐平涂 + 柔和渐变，清晰锐利的线稿）。"
C18,成熟·表情惊讶,1024x1024,C18_成熟·表情惊讶.png,C18_成熟·表情惊讶.jpg,W019+W016,"【本次任务】画一张胸像特写（从头顶到胸口上方）：表情为惊讶：眼睛睁大、眉毛抬高、嘴巴微张成小圆形，身体略向后仰。正对镜头，浅景深，纯白背景。

【角色锁定】【角色锁定·成熟比例鲸鱼娘】成熟比例的蓝色鲸鱼娘，身形修长，腰线清晰，腿部比例较长，
头身比例接近成年女性角色。头发浓密，长度延伸到腰臀以下，发根深海蓝，发束中穿插钴蓝色光泽，
越靠近发尾越转为明亮海蓝与浅青蓝；长发从两肩向外铺开，末端形成层层波浪卷。
额前轻覆额头的侧分斜刘海，脸颊旁留着向内弯曲的短发，头顶一根细长呆毛自然向上弯起；
后脑上层头发编成一圈细辫，并在垂落长发之间系上蓝色蝴蝶结。
面部轮廓纤细柔和，眼睛呈明亮杏仁形，深蓝外圈包裹渐变至亮蓝的虹膜，点缀清晰浅色高光；
神情开朗亲切，眼尾自然舒展，嘴角扬起轻松真诚的笑容，脸颊带淡淡红晕。
头顶佩戴白色层叠蕾丝女仆发箍，两侧各有亮蓝色小蝴蝶结；头侧一对横向舒展的深蓝色鲸鱼鳍状耳朵，
鳍的内侧衬着白色波浪褶边。身穿深蓝与白色的精致女仆服：白色立领下系深蓝领结，
领结中央镶椭圆形蓝宝石与细金边；胸前是带纵向褶裥、纽扣和蕾丝边的白色布料，两肩有白色荷叶边肩饰；
深蓝色袖子微微蓬起，袖口收紧并露出白色花边。腰间贴合身形的深蓝色腰封，前面排列两行小巧金色纽扣。
深蓝色裙摆从腰部自然展开，长度落在小腿中段，线条优雅、垂坠适度，
裙摆叠层次分明的白色荷叶边与蕾丝，裙面点缀细小金色十字星与精致装饰线。
正面系白色围裙，下缘呈柔和波浪形并镶花边，靠近裙角处印有蓝色小鲸鱼图案；
背后系宽大的白色蝴蝶结，缎带顺着裙摆垂落。腰后伸出深海蓝色鲸尾，略带柔和光泽，向外下方延伸，
末端展开为两片宽大的尾鳍，鳍缘渐变成浅蓝色。双腿穿白色过膝长袜，袜口饰蕾丝与深蓝小蝴蝶结；
脚穿深蓝色圆头玛丽珍鞋，脚背横带配金色圆扣，鞋跟为稳重方形中跟。
整体以深海蓝、钴蓝、浅青蓝与白色为主，宝石蓝与少量金色用于精细装饰。

【输出要求】只画一个角色、单幅画面：不要分栏、不要拼版、不要多视图并排、不要网格边框或格线、不要文字标注或箭头说明、不要水印、不要 UI 按钮或滚动条、不要角色设定表的版式。高度还原上述角色设计，画风为精致的日系动漫插画上色（干净的赛璐璐平涂 + 柔和渐变，清晰锐利的线稿）。"
C19,Q版·表情眨眼,1024x1024,C19_Q版·表情眨眼.png,C19_Q版·表情眨眼.jpg,W008+W005,"【本次任务】画一张胸像特写（从头顶到胸口上方）：表情为俏皮眨眼：一只眼睛眯起眨眼、另一只眼睛明亮睁开，嘴角上扬带笑意。正对镜头，浅景深，纯白背景。

【角色锁定】【角色锁定·Q版大肥鱼】Q版蓝色鲸鱼娘，约三头身的圆润比例，大头小身材，整体轮廓柔软饱满。
头发以深海蓝为主色，从发根深蓝渐变到发尾明亮海蓝与浅青蓝；额前层叠斜刘海，几束短发贴着圆脸向内弯，
头顶翘起一根弧形呆毛；后发浓密修长，从肩背两侧垂下，末端散成微卷波浪发束。
脸颊圆润，眼睛占脸部很大比例，深蓝外圈包亮蓝虹膜，瞳孔中有大小不同的白色与浅蓝高光；
鼻子小巧，双颊淡粉，嘴巴小而精致。头戴拱起的白色层叠蕾丝女仆发箍，发箍两侧各系一枚亮蓝色小蝴蝶结；
头侧一对向两边展开的鲸鱼鳍状耳朵，外侧深海蓝，内缘带白色波浪形褶边。
身后一条厚实深蓝色鲸尾，从腰后向侧面弯起，末端分成两片圆润尾鳍，下侧颜色渐浅并带一点蓝紫。
身穿深蓝与白色相间的女仆裙：内层白色高领衬衫有细密纵向褶裥和深色纽扣，领口系深蓝蝴蝶结，
中央是一颗金边镶嵌的椭圆蓝宝石；外层深蓝短上衣收在腰间，泡泡袖，袖口露出白色蕾丝；
腰前宽大白色围裙，边缘一圈细密荷叶边，正中印有小蓝鲸与水花图案；深蓝短裙向外撑开，
裙摆下叠多层白色花边，裙面与袖口点缀细小金色十字星、针脚与浅金色蝴蝶结。
腿上白色花边短袜，脚上圆头深蓝色玛丽珍鞋，鞋面各有一枚浅金色小蝴蝶结。
配色以深海蓝、钴蓝、浅海蓝与白色为主，少量金色勾勒细节。

【输出要求】只画一个角色、单幅画面：不要分栏、不要拼版、不要多视图并排、不要网格边框或格线、不要文字标注或箭头说明、不要水印、不要 UI 按钮或滚动条、不要角色设定表的版式。高度还原上述角色设计，画风为精致的日系动漫插画上色（干净的赛璐璐平涂 + 柔和渐变，清晰锐利的线稿）。"
C20,成熟·表情眨眼,1024x1024,C20_成熟·表情眨眼.png,C20_成熟·表情眨眼.jpg,W019+W016,"【本次任务】画一张胸像特写（从头顶到胸口上方）：表情为俏皮眨眼：一只眼睛眯起眨眼、另一只眼睛明亮睁开，嘴角上扬带笑意。正对镜头，浅景深，纯白背景。

【角色锁定】【角色锁定·成熟比例鲸鱼娘】成熟比例的蓝色鲸鱼娘，身形修长，腰线清晰，腿部比例较长，
头身比例接近成年女性角色。头发浓密，长度延伸到腰臀以下，发根深海蓝，发束中穿插钴蓝色光泽，
越靠近发尾越转为明亮海蓝与浅青蓝；长发从两肩向外铺开，末端形成层层波浪卷。
额前轻覆额头的侧分斜刘海，脸颊旁留着向内弯曲的短发，头顶一根细长呆毛自然向上弯起；
后脑上层头发编成一圈细辫，并在垂落长发之间系上蓝色蝴蝶结。
面部轮廓纤细柔和，眼睛呈明亮杏仁形，深蓝外圈包裹渐变至亮蓝的虹膜，点缀清晰浅色高光；
神情开朗亲切，眼尾自然舒展，嘴角扬起轻松真诚的笑容，脸颊带淡淡红晕。
头顶佩戴白色层叠蕾丝女仆发箍，两侧各有亮蓝色小蝴蝶结；头侧一对横向舒展的深蓝色鲸鱼鳍状耳朵，
鳍的内侧衬着白色波浪褶边。身穿深蓝与白色的精致女仆服：白色立领下系深蓝领结，
领结中央镶椭圆形蓝宝石与细金边；胸前是带纵向褶裥、纽扣和蕾丝边的白色布料，两肩有白色荷叶边肩饰；
深蓝色袖子微微蓬起，袖口收紧并露出白色花边。腰间贴合身形的深蓝色腰封，前面排列两行小巧金色纽扣。
深蓝色裙摆从腰部自然展开，长度落在小腿中段，线条优雅、垂坠适度，
裙摆叠层次分明的白色荷叶边与蕾丝，裙面点缀细小金色十字星与精致装饰线。
正面系白色围裙，下缘呈柔和波浪形并镶花边，靠近裙角处印有蓝色小鲸鱼图案；
背后系宽大的白色蝴蝶结，缎带顺着裙摆垂落。腰后伸出深海蓝色鲸尾，略带柔和光泽，向外下方延伸，
末端展开为两片宽大的尾鳍，鳍缘渐变成浅蓝色。双腿穿白色过膝长袜，袜口饰蕾丝与深蓝小蝴蝶结；
脚穿深蓝色圆头玛丽珍鞋，脚背横带配金色圆扣，鞋跟为稳重方形中跟。
整体以深海蓝、钴蓝、浅青蓝与白色为主，宝石蓝与少量金色用于精细装饰。

【输出要求】只画一个角色、单幅画面：不要分栏、不要拼版、不要多视图并排、不要网格边框或格线、不要文字标注或箭头说明、不要水印、不要 UI 按钮或滚动条、不要角色设定表的版式。高度还原上述角色设计，画风为精致的日系动漫插画上色（干净的赛璐璐平涂 + 柔和渐变，清晰锐利的线稿）。"
C21,Q版·姿势叉腰站姿,1024x1024,C21_Q版·姿势叉腰站姿.png,C21_Q版·姿势叉腰站姿.jpg,W005,"【本次任务】画一张站姿全身立绘：角色站立、双手叉在腰上、挺胸抬头，神情自信。全身完整入画（必须包含鞋子与鲸尾）。纯白背景，地面有柔和落影。

【角色锁定】【角色锁定·Q版大肥鱼】Q版蓝色鲸鱼娘，约三头身的圆润比例，大头小身材，整体轮廓柔软饱满。
头发以深海蓝为主色，从发根深蓝渐变到发尾明亮海蓝与浅青蓝；额前层叠斜刘海，几束短发贴着圆脸向内弯，
头顶翘起一根弧形呆毛；后发浓密修长，从肩背两侧垂下，末端散成微卷波浪发束。
脸颊圆润，眼睛占脸部很大比例，深蓝外圈包亮蓝虹膜，瞳孔中有大小不同的白色与浅蓝高光；
鼻子小巧，双颊淡粉，嘴巴小而精致。头戴拱起的白色层叠蕾丝女仆发箍，发箍两侧各系一枚亮蓝色小蝴蝶结；
头侧一对向两边展开的鲸鱼鳍状耳朵，外侧深海蓝，内缘带白色波浪形褶边。
身后一条厚实深蓝色鲸尾，从腰后向侧面弯起，末端分成两片圆润尾鳍，下侧颜色渐浅并带一点蓝紫。
身穿深蓝与白色相间的女仆裙：内层白色高领衬衫有细密纵向褶裥和深色纽扣，领口系深蓝蝴蝶结，
中央是一颗金边镶嵌的椭圆蓝宝石；外层深蓝短上衣收在腰间，泡泡袖，袖口露出白色蕾丝；
腰前宽大白色围裙，边缘一圈细密荷叶边，正中印有小蓝鲸与水花图案；深蓝短裙向外撑开，
裙摆下叠多层白色花边，裙面与袖口点缀细小金色十字星、针脚与浅金色蝴蝶结。
腿上白色花边短袜，脚上圆头深蓝色玛丽珍鞋，鞋面各有一枚浅金色小蝴蝶结。
配色以深海蓝、钴蓝、浅海蓝与白色为主，少量金色勾勒细节。

【输出要求】只画一个角色、单幅画面：不要分栏、不要拼版、不要多视图并排、不要网格边框或格线、不要文字标注或箭头说明、不要水印、不要 UI 按钮或滚动条、不要角色设定表的版式。高度还原上述角色设计，画风为精致的日系动漫插画上色（干净的赛璐璐平涂 + 柔和渐变，清晰锐利的线稿）。"
C22,成熟·姿势叉腰站姿,1024x1536,C22_成熟·姿势叉腰站姿.png,C22_成熟·姿势叉腰站姿.jpg,W016,"【本次任务】画一张站姿全身立绘：角色站立、双手叉在腰上、挺胸抬头，神情自信。全身完整入画（必须包含鞋子与鲸尾）。纯白背景，地面有柔和落影。

【角色锁定】【角色锁定·成熟比例鲸鱼娘】成熟比例的蓝色鲸鱼娘，身形修长，腰线清晰，腿部比例较长，
头身比例接近成年女性角色。头发浓密，长度延伸到腰臀以下，发根深海蓝，发束中穿插钴蓝色光泽，
越靠近发尾越转为明亮海蓝与浅青蓝；长发从两肩向外铺开，末端形成层层波浪卷。
额前轻覆额头的侧分斜刘海，脸颊旁留着向内弯曲的短发，头顶一根细长呆毛自然向上弯起；
后脑上层头发编成一圈细辫，并在垂落长发之间系上蓝色蝴蝶结。
面部轮廓纤细柔和，眼睛呈明亮杏仁形，深蓝外圈包裹渐变至亮蓝的虹膜，点缀清晰浅色高光；
神情开朗亲切，眼尾自然舒展，嘴角扬起轻松真诚的笑容，脸颊带淡淡红晕。
头顶佩戴白色层叠蕾丝女仆发箍，两侧各有亮蓝色小蝴蝶结；头侧一对横向舒展的深蓝色鲸鱼鳍状耳朵，
鳍的内侧衬着白色波浪褶边。身穿深蓝与白色的精致女仆服：白色立领下系深蓝领结，
领结中央镶椭圆形蓝宝石与细金边；胸前是带纵向褶裥、纽扣和蕾丝边的白色布料，两肩有白色荷叶边肩饰；
深蓝色袖子微微蓬起，袖口收紧并露出白色花边。腰间贴合身形的深蓝色腰封，前面排列两行小巧金色纽扣。
深蓝色裙摆从腰部自然展开，长度落在小腿中段，线条优雅、垂坠适度，
裙摆叠层次分明的白色荷叶边与蕾丝，裙面点缀细小金色十字星与精致装饰线。
正面系白色围裙，下缘呈柔和波浪形并镶花边，靠近裙角处印有蓝色小鲸鱼图案；
背后系宽大的白色蝴蝶结，缎带顺着裙摆垂落。腰后伸出深海蓝色鲸尾，略带柔和光泽，向外下方延伸，
末端展开为两片宽大的尾鳍，鳍缘渐变成浅蓝色。双腿穿白色过膝长袜，袜口饰蕾丝与深蓝小蝴蝶结；
脚穿深蓝色圆头玛丽珍鞋，脚背横带配金色圆扣，鞋跟为稳重方形中跟。
整体以深海蓝、钴蓝、浅青蓝与白色为主，宝石蓝与少量金色用于精细装饰。

【输出要求】只画一个角色、单幅画面：不要分栏、不要拼版、不要多视图并排、不要网格边框或格线、不要文字标注或箭头说明、不要水印、不要 UI 按钮或滚动条、不要角色设定表的版式。高度还原上述角色设计，画风为精致的日系动漫插画上色（干净的赛璐璐平涂 + 柔和渐变，清晰锐利的线稿）。"
C23,Q版·姿势挥手打招呼,1024x1024,C23_Q版·姿势挥手打招呼.png,C23_Q版·姿势挥手打招呼.jpg,W005,"【本次任务】画一张站姿全身立绘：角色站立、一只手抬起在肩上方挥手打招呼，另一只手自然垂放，面带笑容。全身完整入画（必须包含鞋子与鲸尾）。纯白背景，地面有柔和落影。

【角色锁定】【角色锁定·Q版大肥鱼】Q版蓝色鲸鱼娘，约三头身的圆润比例，大头小身材，整体轮廓柔软饱满。
头发以深海蓝为主色，从发根深蓝渐变到发尾明亮海蓝与浅青蓝；额前层叠斜刘海，几束短发贴着圆脸向内弯，
头顶翘起一根弧形呆毛；后发浓密修长，从肩背两侧垂下，末端散成微卷波浪发束。
脸颊圆润，眼睛占脸部很大比例，深蓝外圈包亮蓝虹膜，瞳孔中有大小不同的白色与浅蓝高光；
鼻子小巧，双颊淡粉，嘴巴小而精致。头戴拱起的白色层叠蕾丝女仆发箍，发箍两侧各系一枚亮蓝色小蝴蝶结；
头侧一对向两边展开的鲸鱼鳍状耳朵，外侧深海蓝，内缘带白色波浪形褶边。
身后一条厚实深蓝色鲸尾，从腰后向侧面弯起，末端分成两片圆润尾鳍，下侧颜色渐浅并带一点蓝紫。
身穿深蓝与白色相间的女仆裙：内层白色高领衬衫有细密纵向褶裥和深色纽扣，领口系深蓝蝴蝶结，
中央是一颗金边镶嵌的椭圆蓝宝石；外层深蓝短上衣收在腰间，泡泡袖，袖口露出白色蕾丝；
腰前宽大白色围裙，边缘一圈细密荷叶边，正中印有小蓝鲸与水花图案；深蓝短裙向外撑开，
裙摆下叠多层白色花边，裙面与袖口点缀细小金色十字星、针脚与浅金色蝴蝶结。
腿上白色花边短袜，脚上圆头深蓝色玛丽珍鞋，鞋面各有一枚浅金色小蝴蝶结。
配色以深海蓝、钴蓝、浅海蓝与白色为主，少量金色勾勒细节。

【输出要求】只画一个角色、单幅画面：不要分栏、不要拼版、不要多视图并排、不要网格边框或格线、不要文字标注或箭头说明、不要水印、不要 UI 按钮或滚动条、不要角色设定表的版式。高度还原上述角色设计，画风为精致的日系动漫插画上色（干净的赛璐璐平涂 + 柔和渐变，清晰锐利的线稿）。"
C24,成熟·姿势挥手打招呼,1024x1536,C24_成熟·姿势挥手打招呼.png,C24_成熟·姿势挥手打招呼.jpg,W016,"【本次任务】画一张站姿全身立绘：角色站立、一只手抬起在肩上方挥手打招呼，另一只手自然垂放，面带笑容。全身完整入画（必须包含鞋子与鲸尾）。纯白背景，地面有柔和落影。

【角色锁定】【角色锁定·成熟比例鲸鱼娘】成熟比例的蓝色鲸鱼娘，身形修长，腰线清晰，腿部比例较长，
头身比例接近成年女性角色。头发浓密，长度延伸到腰臀以下，发根深海蓝，发束中穿插钴蓝色光泽，
越靠近发尾越转为明亮海蓝与浅青蓝；长发从两肩向外铺开，末端形成层层波浪卷。
额前轻覆额头的侧分斜刘海，脸颊旁留着向内弯曲的短发，头顶一根细长呆毛自然向上弯起；
后脑上层头发编成一圈细辫，并在垂落长发之间系上蓝色蝴蝶结。
面部轮廓纤细柔和，眼睛呈明亮杏仁形，深蓝外圈包裹渐变至亮蓝的虹膜，点缀清晰浅色高光；
神情开朗亲切，眼尾自然舒展，嘴角扬起轻松真诚的笑容，脸颊带淡淡红晕。
头顶佩戴白色层叠蕾丝女仆发箍，两侧各有亮蓝色小蝴蝶结；头侧一对横向舒展的深蓝色鲸鱼鳍状耳朵，
鳍的内侧衬着白色波浪褶边。身穿深蓝与白色的精致女仆服：白色立领下系深蓝领结，
领结中央镶椭圆形蓝宝石与细金边；胸前是带纵向褶裥、纽扣和蕾丝边的白色布料，两肩有白色荷叶边肩饰；
深蓝色袖子微微蓬起，袖口收紧并露出白色花边。腰间贴合身形的深蓝色腰封，前面排列两行小巧金色纽扣。
深蓝色裙摆从腰部自然展开，长度落在小腿中段，线条优雅、垂坠适度，
裙摆叠层次分明的白色荷叶边与蕾丝，裙面点缀细小金色十字星与精致装饰线。
正面系白色围裙，下缘呈柔和波浪形并镶花边，靠近裙角处印有蓝色小鲸鱼图案；
背后系宽大的白色蝴蝶结，缎带顺着裙摆垂落。腰后伸出深海蓝色鲸尾，略带柔和光泽，向外下方延伸，
末端展开为两片宽大的尾鳍，鳍缘渐变成浅蓝色。双腿穿白色过膝长袜，袜口饰蕾丝与深蓝小蝴蝶结；
脚穿深蓝色圆头玛丽珍鞋，脚背横带配金色圆扣，鞋跟为稳重方形中跟。
整体以深海蓝、钴蓝、浅青蓝与白色为主，宝石蓝与少量金色用于精细装饰。

【输出要求】只画一个角色、单幅画面：不要分栏、不要拼版、不要多视图并排、不要网格边框或格线、不要文字标注或箭头说明、不要水印、不要 UI 按钮或滚动条、不要角色设定表的版式。高度还原上述角色设计，画风为精致的日系动漫插画上色（干净的赛璐璐平涂 + 柔和渐变，清晰锐利的线稿）。"
C25,Q版·姿势双手合十,1024x1024,C25_Q版·姿势双手合十.png,C25_Q版·姿势双手合十.jpg,W005,"【本次任务】画一张站姿全身立绘：角色站立、双手在胸前合十，微微低头，神情温柔。全身完整入画（必须包含鞋子与鲸尾）。纯白背景，地面有柔和落影。

【角色锁定】【角色锁定·Q版大肥鱼】Q版蓝色鲸鱼娘，约三头身的圆润比例，大头小身材，整体轮廓柔软饱满。
头发以深海蓝为主色，从发根深蓝渐变到发尾明亮海蓝与浅青蓝；额前层叠斜刘海，几束短发贴着圆脸向内弯，
头顶翘起一根弧形呆毛；后发浓密修长，从肩背两侧垂下，末端散成微卷波浪发束。
脸颊圆润，眼睛占脸部很大比例，深蓝外圈包亮蓝虹膜，瞳孔中有大小不同的白色与浅蓝高光；
鼻子小巧，双颊淡粉，嘴巴小而精致。头戴拱起的白色层叠蕾丝女仆发箍，发箍两侧各系一枚亮蓝色小蝴蝶结；
头侧一对向两边展开的鲸鱼鳍状耳朵，外侧深海蓝，内缘带白色波浪形褶边。
身后一条厚实深蓝色鲸尾，从腰后向侧面弯起，末端分成两片圆润尾鳍，下侧颜色渐浅并带一点蓝紫。
身穿深蓝与白色相间的女仆裙：内层白色高领衬衫有细密纵向褶裥和深色纽扣，领口系深蓝蝴蝶结，
中央是一颗金边镶嵌的椭圆蓝宝石；外层深蓝短上衣收在腰间，泡泡袖，袖口露出白色蕾丝；
腰前宽大白色围裙，边缘一圈细密荷叶边，正中印有小蓝鲸与水花图案；深蓝短裙向外撑开，
裙摆下叠多层白色花边，裙面与袖口点缀细小金色十字星、针脚与浅金色蝴蝶结。
腿上白色花边短袜，脚上圆头深蓝色玛丽珍鞋，鞋面各有一枚浅金色小蝴蝶结。
配色以深海蓝、钴蓝、浅海蓝与白色为主，少量金色勾勒细节。

【输出要求】只画一个角色、单幅画面：不要分栏、不要拼版、不要多视图并排、不要网格边框或格线、不要文字标注或箭头说明、不要水印、不要 UI 按钮或滚动条、不要角色设定表的版式。高度还原上述角色设计，画风为精致的日系动漫插画上色（干净的赛璐璐平涂 + 柔和渐变，清晰锐利的线稿）。"
C26,成熟·姿势双手合十,1024x1536,C26_成熟·姿势双手合十.png,C26_成熟·姿势双手合十.jpg,W016,"【本次任务】画一张站姿全身立绘：角色站立、双手在胸前合十，微微低头，神情温柔。全身完整入画（必须包含鞋子与鲸尾）。纯白背景，地面有柔和落影。

【角色锁定】【角色锁定·成熟比例鲸鱼娘】成熟比例的蓝色鲸鱼娘，身形修长，腰线清晰，腿部比例较长，
头身比例接近成年女性角色。头发浓密，长度延伸到腰臀以下，发根深海蓝，发束中穿插钴蓝色光泽，
越靠近发尾越转为明亮海蓝与浅青蓝；长发从两肩向外铺开，末端形成层层波浪卷。
额前轻覆额头的侧分斜刘海，脸颊旁留着向内弯曲的短发，头顶一根细长呆毛自然向上弯起；
后脑上层头发编成一圈细辫，并在垂落长发之间系上蓝色蝴蝶结。
面部轮廓纤细柔和，眼睛呈明亮杏仁形，深蓝外圈包裹渐变至亮蓝的虹膜，点缀清晰浅色高光；
神情开朗亲切，眼尾自然舒展，嘴角扬起轻松真诚的笑容，脸颊带淡淡红晕。
头顶佩戴白色层叠蕾丝女仆发箍，两侧各有亮蓝色小蝴蝶结；头侧一对横向舒展的深蓝色鲸鱼鳍状耳朵，
鳍的内侧衬着白色波浪褶边。身穿深蓝与白色的精致女仆服：白色立领下系深蓝领结，
领结中央镶椭圆形蓝宝石与细金边；胸前是带纵向褶裥、纽扣和蕾丝边的白色布料，两肩有白色荷叶边肩饰；
深蓝色袖子微微蓬起，袖口收紧并露出白色花边。腰间贴合身形的深蓝色腰封，前面排列两行小巧金色纽扣。
深蓝色裙摆从腰部自然展开，长度落在小腿中段，线条优雅、垂坠适度，
裙摆叠层次分明的白色荷叶边与蕾丝，裙面点缀细小金色十字星与精致装饰线。
正面系白色围裙，下缘呈柔和波浪形并镶花边，靠近裙角处印有蓝色小鲸鱼图案；
背后系宽大的白色蝴蝶结，缎带顺着裙摆垂落。腰后伸出深海蓝色鲸尾，略带柔和光泽，向外下方延伸，
末端展开为两片宽大的尾鳍，鳍缘渐变成浅蓝色。双腿穿白色过膝长袜，袜口饰蕾丝与深蓝小蝴蝶结；
脚穿深蓝色圆头玛丽珍鞋，脚背横带配金色圆扣，鞋跟为稳重方形中跟。
整体以深海蓝、钴蓝、浅青蓝与白色为主，宝石蓝与少量金色用于精细装饰。

【输出要求】只画一个角色、单幅画面：不要分栏、不要拼版、不要多视图并排、不要网格边框或格线、不要文字标注或箭头说明、不要水印、不要 UI 按钮或滚动条、不要角色设定表的版式。高度还原上述角色设计，画风为精致的日系动漫插画上色（干净的赛璐璐平涂 + 柔和渐变，清晰锐利的线稿）。"
C27,Q版·姿势坐姿抱膝,1024x1024,C27_Q版·姿势坐姿抱膝.png,C27_Q版·姿势坐姿抱膝.jpg,W005,"【本次任务】画一张坐姿全身立绘：角色坐在地上，两条手臂从外侧抱住并拢的双膝、下巴靠近膝盖，身体微微前倾，脸朝向镜头。全身完整入画（必须包含鞋子与鲸尾）。纯白背景，地面有柔和落影。

【角色锁定】【角色锁定·Q版大肥鱼】Q版蓝色鲸鱼娘，约三头身的圆润比例，大头小身材，整体轮廓柔软饱满。
头发以深海蓝为主色，从发根深蓝渐变到发尾明亮海蓝与浅青蓝；额前层叠斜刘海，几束短发贴着圆脸向内弯，
头顶翘起一根弧形呆毛；后发浓密修长，从肩背两侧垂下，末端散成微卷波浪发束。
脸颊圆润，眼睛占脸部很大比例，深蓝外圈包亮蓝虹膜，瞳孔中有大小不同的白色与浅蓝高光；
鼻子小巧，双颊淡粉，嘴巴小而精致。头戴拱起的白色层叠蕾丝女仆发箍，发箍两侧各系一枚亮蓝色小蝴蝶结；
头侧一对向两边展开的鲸鱼鳍状耳朵，外侧深海蓝，内缘带白色波浪形褶边。
身后一条厚实深蓝色鲸尾，从腰后向侧面弯起，末端分成两片圆润尾鳍，下侧颜色渐浅并带一点蓝紫。
身穿深蓝与白色相间的女仆裙：内层白色高领衬衫有细密纵向褶裥和深色纽扣，领口系深蓝蝴蝶结，
中央是一颗金边镶嵌的椭圆蓝宝石；外层深蓝短上衣收在腰间，泡泡袖，袖口露出白色蕾丝；
腰前宽大白色围裙，边缘一圈细密荷叶边，正中印有小蓝鲸与水花图案；深蓝短裙向外撑开，
裙摆下叠多层白色花边，裙面与袖口点缀细小金色十字星、针脚与浅金色蝴蝶结。
腿上白色花边短袜，脚上圆头深蓝色玛丽珍鞋，鞋面各有一枚浅金色小蝴蝶结。
配色以深海蓝、钴蓝、浅海蓝与白色为主，少量金色勾勒细节。

【输出要求】只画一个角色、单幅画面：不要分栏、不要拼版、不要多视图并排、不要网格边框或格线、不要文字标注或箭头说明、不要水印、不要 UI 按钮或滚动条、不要角色设定表的版式。高度还原上述角色设计，画风为精致的日系动漫插画上色（干净的赛璐璐平涂 + 柔和渐变，清晰锐利的线稿）。"
C28,成熟·坐姿抱膝（收紧版）,1024x1536,C28_成熟·坐姿抱膝（收紧版）.png,C28_成熟·坐姿抱膝（收紧版）.jpg,W016,"【本次任务】画一张坐姿全身立绘：角色屈膝坐在地上，两条手臂从外侧环抱住并拢的双膝、双手在膝前交叠，下巴靠近膝盖，身体微微前倾，脸转向镜头，神情安静温柔。全身完整入画（必须包含鞋子与身后的鲸尾）。纯白背景，身下有柔和落影。

【角色锁定】【角色锁定·成熟比例鲸鱼娘】成熟比例的蓝色鲸鱼娘，身形修长，腰线清晰，腿部比例较长，
头身比例接近成年女性角色。头发浓密，长度延伸到腰臀以下，发根深海蓝，发束中穿插钴蓝色光泽，
越靠近发尾越转为明亮海蓝与浅青蓝；长发从两肩向外铺开，末端形成层层波浪卷。
额前轻覆额头的侧分斜刘海，脸颊旁留着向内弯曲的短发，头顶一根细长呆毛自然向上弯起；
后脑上层头发编成一圈细辫，并在垂落长发之间系上蓝色蝴蝶结。
面部轮廓纤细柔和，眼睛呈明亮杏仁形，深蓝外圈包裹渐变至亮蓝的虹膜，点缀清晰浅色高光；
神情开朗亲切，眼尾自然舒展，嘴角扬起轻松真诚的笑容，脸颊带淡淡红晕。
头顶佩戴白色层叠蕾丝女仆发箍，两侧各有亮蓝色小蝴蝶结；头侧一对横向舒展的深蓝色鲸鱼鳍状耳朵，
鳍的内侧衬着白色波浪褶边。身穿深蓝与白色的精致女仆服：白色立领下系深蓝领结，
领结中央镶椭圆形蓝宝石与细金边；胸前是带纵向褶裥、纽扣和蕾丝边的白色布料，两肩有白色荷叶边肩饰；
深蓝色袖子微微蓬起，袖口收紧并露出白色花边。腰间贴合身形的深蓝色腰封，前面排列两行小巧金色纽扣。
深蓝色裙摆从腰部自然展开，长度落在小腿中段，线条优雅、垂坠适度，
裙摆叠层次分明的白色荷叶边与蕾丝，裙面点缀细小金色十字星与精致装饰线。
正面系白色围裙，下缘呈柔和波浪形并镶花边，靠近裙角处印有蓝色小鲸鱼图案；
背后系宽大的白色蝴蝶结，缎带顺着裙摆垂落。腰后伸出深海蓝色鲸尾，略带柔和光泽，向外下方延伸，
末端展开为两片宽大的尾鳍，鳍缘渐变成浅蓝色。双腿穿白色过膝长袜，袜口饰蕾丝与深蓝小蝴蝶结；
脚穿深蓝色圆头玛丽珍鞋，脚背横带配金色圆扣，鞋跟为稳重方形中跟。
整体以深海蓝、钴蓝、浅青蓝与白色为主，宝石蓝与少量金色用于精细装饰。

【输出要求】只画一个角色、单幅画面：不要分栏、不要拼版、不要多视图并排、不要网格边框或格线、不要文字标注或箭头说明、不要水印、不要 UI 按钮或滚动条、不要角色设定表的版式。高度还原上述角色设计，画风为精致的日系动漫插画上色（干净的赛璐璐平涂 + 柔和渐变，清晰锐利的线稿）。"
C29,成熟·服装层次剖面,1536x1536,C29_成熟·服装层次剖面.png,C29_成熟·服装层次剖面.jpg,W016+W021+W024,"【本次任务】画一张服装层次剖面拆解图：把整套女仆服按穿着层次由内到外分列展示——第一层白色高领衬衫（纵向褶裥与纽扣）、第二层深蓝色微蓬袖短上衣、第三层白色荷叶边围裙与肩饰、第四层深蓝色裙摆（金色十字星与刺绣）、最外配件深蓝腰封（两行金色纽扣）与深蓝领结（椭圆蓝宝石与金边）。各层分离平摊、互不重叠、朝上摆放，每层完整可见。不要画人物，不要画穿着的身体，只画服装部件本身。纯白背景。

【角色锁定】【角色锁定·成熟比例鲸鱼娘】成熟比例的蓝色鲸鱼娘，身形修长，腰线清晰，腿部比例较长，
头身比例接近成年女性角色。头发浓密，长度延伸到腰臀以下，发根深海蓝，发束中穿插钴蓝色光泽，
越靠近发尾越转为明亮海蓝与浅青蓝；长发从两肩向外铺开，末端形成层层波浪卷。
额前轻覆额头的侧分斜刘海，脸颊旁留着向内弯曲的短发，头顶一根细长呆毛自然向上弯起；
后脑上层头发编成一圈细辫，并在垂落长发之间系上蓝色蝴蝶结。
面部轮廓纤细柔和，眼睛呈明亮杏仁形，深蓝外圈包裹渐变至亮蓝的虹膜，点缀清晰浅色高光；
神情开朗亲切，眼尾自然舒展，嘴角扬起轻松真诚的笑容，脸颊带淡淡红晕。
头顶佩戴白色层叠蕾丝女仆发箍，两侧各有亮蓝色小蝴蝶结；头侧一对横向舒展的深蓝色鲸鱼鳍状耳朵，
鳍的内侧衬着白色波浪褶边。身穿深蓝与白色的精致女仆服：白色立领下系深蓝领结，
领结中央镶椭圆形蓝宝石与细金边；胸前是带纵向褶裥、纽扣和蕾丝边的白色布料，两肩有白色荷叶边肩饰；
深蓝色袖子微微蓬起，袖口收紧并露出白色花边。腰间贴合身形的深蓝色腰封，前面排列两行小巧金色纽扣。
深蓝色裙摆从腰部自然展开，长度落在小腿中段，线条优雅、垂坠适度，
裙摆叠层次分明的白色荷叶边与蕾丝，裙面点缀细小金色十字星与精致装饰线。
正面系白色围裙，下缘呈柔和波浪形并镶花边，靠近裙角处印有蓝色小鲸鱼图案；
背后系宽大的白色蝴蝶结，缎带顺着裙摆垂落。腰后伸出深海蓝色鲸尾，略带柔和光泽，向外下方延伸，
末端展开为两片宽大的尾鳍，鳍缘渐变成浅蓝色。双腿穿白色过膝长袜，袜口饰蕾丝与深蓝小蝴蝶结；
脚穿深蓝色圆头玛丽珍鞋，脚背横带配金色圆扣，鞋跟为稳重方形中跟。
整体以深海蓝、钴蓝、浅青蓝与白色为主，宝石蓝与少量金色用于精细装饰。

【输出要求】只画一个角色、单幅画面：不要分栏、不要拼版、不要多视图并排、不要网格边框或格线、不要文字标注或箭头说明、不要水印、不要 UI 按钮或滚动条、不要角色设定表的版式。高度还原上述角色设计，画风为精致的日系动漫插画上色（干净的赛璐璐平涂 + 柔和渐变，清晰锐利的线稿）。"
C30,成熟·装饰细节总览,1536x1536,C30_成熟·装饰细节总览.png,C30_成熟·装饰细节总览.jpg,W020+W024+W023,"【本次任务】画一张服装装饰细节总览图：把这套女仆服上的装饰元素逐个特写陈列——袖口的白色蕾丝花边与金色十字星刺绣、深蓝裙摆上的金色卷曲藤蔓绣线与金色蝴蝶结、背后的宽大白色蝴蝶结与缎带、领口的椭圆蓝宝石与细金边、腰封上的金色圆扣。每个元素单独一格清晰特写、互不重叠。不要画人物，只画装饰细节本身。纯白背景。

【角色锁定】【角色锁定·成熟比例鲸鱼娘】成熟比例的蓝色鲸鱼娘，身形修长，腰线清晰，腿部比例较长，
头身比例接近成年女性角色。头发浓密，长度延伸到腰臀以下，发根深海蓝，发束中穿插钴蓝色光泽，
越靠近发尾越转为明亮海蓝与浅青蓝；长发从两肩向外铺开，末端形成层层波浪卷。
额前轻覆额头的侧分斜刘海，脸颊旁留着向内弯曲的短发，头顶一根细长呆毛自然向上弯起；
后脑上层头发编成一圈细辫，并在垂落长发之间系上蓝色蝴蝶结。
面部轮廓纤细柔和，眼睛呈明亮杏仁形，深蓝外圈包裹渐变至亮蓝的虹膜，点缀清晰浅色高光；
神情开朗亲切，眼尾自然舒展，嘴角扬起轻松真诚的笑容，脸颊带淡淡红晕。
头顶佩戴白色层叠蕾丝女仆发箍，两侧各有亮蓝色小蝴蝶结；头侧一对横向舒展的深蓝色鲸鱼鳍状耳朵，
鳍的内侧衬着白色波浪褶边。身穿深蓝与白色的精致女仆服：白色立领下系深蓝领结，
领结中央镶椭圆形蓝宝石与细金边；胸前是带纵向褶裥、纽扣和蕾丝边的白色布料，两肩有白色荷叶边肩饰；
深蓝色袖子微微蓬起，袖口收紧并露出白色花边。腰间贴合身形的深蓝色腰封，前面排列两行小巧金色纽扣。
深蓝色裙摆从腰部自然展开，长度落在小腿中段，线条优雅、垂坠适度，
裙摆叠层次分明的白色荷叶边与蕾丝，裙面点缀细小金色十字星与精致装饰线。
正面系白色围裙，下缘呈柔和波浪形并镶花边，靠近裙角处印有蓝色小鲸鱼图案；
背后系宽大的白色蝴蝶结，缎带顺着裙摆垂落。腰后伸出深海蓝色鲸尾，略带柔和光泽，向外下方延伸，
末端展开为两片宽大的尾鳍，鳍缘渐变成浅蓝色。双腿穿白色过膝长袜，袜口饰蕾丝与深蓝小蝴蝶结；
脚穿深蓝色圆头玛丽珍鞋，脚背横带配金色圆扣，鞋跟为稳重方形中跟。
整体以深海蓝、钴蓝、浅青蓝与白色为主，宝石蓝与少量金色用于精细装饰。

【输出要求】只画一个角色、单幅画面：不要分栏、不要拼版、不要多视图并排、不要网格边框或格线、不要文字标注或箭头说明、不要水印、不要 UI 按钮或滚动条、不要角色设定表的版式。高度还原上述角色设计，画风为精致的日系动漫插画上色（干净的赛璐璐平涂 + 柔和渐变，清晰锐利的线稿）。"
C31,Q版·服装平铺拆解图,1536x1536,C31_Q版·服装平铺拆解图.png,C31_Q版·服装平铺拆解图.jpg,W005+W012+W013,"【本次任务】画一张服装平铺拆解图（flat lay）：把这套女仆服的各个部件分离平摊陈列在纯白背景上，包含白色高领衬衫（带纵向褶裥与纽扣）、深蓝色泡泡袖短上衣、白色荷叶边围裙（带小鲸鱼与水花图案）、深蓝色短裙（带金色十字星与刺绣）、深蓝色腰封、深蓝领结（含椭圆蓝宝石与金边）、白色花边短袜、深蓝色圆头玛丽珍鞋（带浅金色小蝴蝶结）。各部件分离摆放、互不重叠、朝向一致、阴影柔和。不要画人物，只画服装部件本身。纯白背景。

【角色锁定】【角色锁定·Q版大肥鱼】Q版蓝色鲸鱼娘，约三头身的圆润比例，大头小身材，整体轮廓柔软饱满。
头发以深海蓝为主色，从发根深蓝渐变到发尾明亮海蓝与浅青蓝；额前层叠斜刘海，几束短发贴着圆脸向内弯，
头顶翘起一根弧形呆毛；后发浓密修长，从肩背两侧垂下，末端散成微卷波浪发束。
脸颊圆润，眼睛占脸部很大比例，深蓝外圈包亮蓝虹膜，瞳孔中有大小不同的白色与浅蓝高光；
鼻子小巧，双颊淡粉，嘴巴小而精致。头戴拱起的白色层叠蕾丝女仆发箍，发箍两侧各系一枚亮蓝色小蝴蝶结；
头侧一对向两边展开的鲸鱼鳍状耳朵，外侧深海蓝，内缘带白色波浪形褶边。
身后一条厚实深蓝色鲸尾，从腰后向侧面弯起，末端分成两片圆润尾鳍，下侧颜色渐浅并带一点蓝紫。
身穿深蓝与白色相间的女仆裙：内层白色高领衬衫有细密纵向褶裥和深色纽扣，领口系深蓝蝴蝶结，
中央是一颗金边镶嵌的椭圆蓝宝石；外层深蓝短上衣收在腰间，泡泡袖，袖口露出白色蕾丝；
腰前宽大白色围裙，边缘一圈细密荷叶边，正中印有小蓝鲸与水花图案；深蓝短裙向外撑开，
裙摆下叠多层白色花边，裙面与袖口点缀细小金色十字星、针脚与浅金色蝴蝶结。
腿上白色花边短袜，脚上圆头深蓝色玛丽珍鞋，鞋面各有一枚浅金色小蝴蝶结。
配色以深海蓝、钴蓝、浅海蓝与白色为主，少量金色勾勒细节。

【输出要求】只画一个角色、单幅画面：不要分栏、不要拼版、不要多视图并排、不要网格边框或格线、不要文字标注或箭头说明、不要水印、不要 UI 按钮或滚动条、不要角色设定表的版式。高度还原上述角色设计，画风为精致的日系动漫插画上色（干净的赛璐璐平涂 + 柔和渐变，清晰锐利的线稿）。"
C32,Q版·服装层次剖面,1536x1536,C32_Q版·服装层次剖面.png,C32_Q版·服装层次剖面.jpg,W005+W013+W014,"【本次任务】画一张服装层次剖面拆解图：把 Q 版女仆服按穿着层次由内到外分列展示——第一层白色高领衬衫、第二层深蓝色泡泡袖短上衣、第三层白色荷叶边围裙、第四层深蓝色短裙（金色十字星与浅金色蝴蝶结）、最外配件深蓝腰封与领结（椭圆蓝宝石）。各层分离平摊、互不重叠、完整可见。不要画人物，只画服装部件本身。纯白背景。

【角色锁定】【角色锁定·Q版大肥鱼】Q版蓝色鲸鱼娘，约三头身的圆润比例，大头小身材，整体轮廓柔软饱满。
头发以深海蓝为主色，从发根深蓝渐变到发尾明亮海蓝与浅青蓝；额前层叠斜刘海，几束短发贴着圆脸向内弯，
头顶翘起一根弧形呆毛；后发浓密修长，从肩背两侧垂下，末端散成微卷波浪发束。
脸颊圆润，眼睛占脸部很大比例，深蓝外圈包亮蓝虹膜，瞳孔中有大小不同的白色与浅蓝高光；
鼻子小巧，双颊淡粉，嘴巴小而精致。头戴拱起的白色层叠蕾丝女仆发箍，发箍两侧各系一枚亮蓝色小蝴蝶结；
头侧一对向两边展开的鲸鱼鳍状耳朵，外侧深海蓝，内缘带白色波浪形褶边。
身后一条厚实深蓝色鲸尾，从腰后向侧面弯起，末端分成两片圆润尾鳍，下侧颜色渐浅并带一点蓝紫。
身穿深蓝与白色相间的女仆裙：内层白色高领衬衫有细密纵向褶裥和深色纽扣，领口系深蓝蝴蝶结，
中央是一颗金边镶嵌的椭圆蓝宝石；外层深蓝短上衣收在腰间，泡泡袖，袖口露出白色蕾丝；
腰前宽大白色围裙，边缘一圈细密荷叶边，正中印有小蓝鲸与水花图案；深蓝短裙向外撑开，
裙摆下叠多层白色花边，裙面与袖口点缀细小金色十字星、针脚与浅金色蝴蝶结。
腿上白色花边短袜，脚上圆头深蓝色玛丽珍鞋，鞋面各有一枚浅金色小蝴蝶结。
配色以深海蓝、钴蓝、浅海蓝与白色为主，少量金色勾勒细节。

【输出要求】只画一个角色、单幅画面：不要分栏、不要拼版、不要多视图并排、不要网格边框或格线、不要文字标注或箭头说明、不要水印、不要 UI 按钮或滚动条、不要角色设定表的版式。高度还原上述角色设计，画风为精致的日系动漫插画上色（干净的赛璐璐平涂 + 柔和渐变，清晰锐利的线稿）。"
C33,Q版·装饰细节总览,1536x1536,C33_Q版·装饰细节总览.png,C33_Q版·装饰细节总览.jpg,W009+W014+W015,"【本次任务】画一张服装与配饰装饰细节总览图：把 Q 版角色的装饰元素逐个特写陈列——拱起的白色层叠蕾丝女仆发箍、发箍两侧的亮蓝色小蝴蝶结、袖口的白色蕾丝与金色十字星刺绣、深蓝裙摆上的金色十字星与浅金色蝴蝶结、鞋面的浅金色小蝴蝶结、以及头侧的鲸鱼鳍状耳朵（外侧深海蓝、内缘白色波浪褶边）。每个元素单独一格清晰特写、互不重叠。不要画人物。纯白背景。

【角色锁定】【角色锁定·Q版大肥鱼】Q版蓝色鲸鱼娘，约三头身的圆润比例，大头小身材，整体轮廓柔软饱满。
头发以深海蓝为主色，从发根深蓝渐变到发尾明亮海蓝与浅青蓝；额前层叠斜刘海，几束短发贴着圆脸向内弯，
头顶翘起一根弧形呆毛；后发浓密修长，从肩背两侧垂下，末端散成微卷波浪发束。
脸颊圆润，眼睛占脸部很大比例，深蓝外圈包亮蓝虹膜，瞳孔中有大小不同的白色与浅蓝高光；
鼻子小巧，双颊淡粉，嘴巴小而精致。头戴拱起的白色层叠蕾丝女仆发箍，发箍两侧各系一枚亮蓝色小蝴蝶结；
头侧一对向两边展开的鲸鱼鳍状耳朵，外侧深海蓝，内缘带白色波浪形褶边。
身后一条厚实深蓝色鲸尾，从腰后向侧面弯起，末端分成两片圆润尾鳍，下侧颜色渐浅并带一点蓝紫。
身穿深蓝与白色相间的女仆裙：内层白色高领衬衫有细密纵向褶裥和深色纽扣，领口系深蓝蝴蝶结，
中央是一颗金边镶嵌的椭圆蓝宝石；外层深蓝短上衣收在腰间，泡泡袖，袖口露出白色蕾丝；
腰前宽大白色围裙，边缘一圈细密荷叶边，正中印有小蓝鲸与水花图案；深蓝短裙向外撑开，
裙摆下叠多层白色花边，裙面与袖口点缀细小金色十字星、针脚与浅金色蝴蝶结。
腿上白色花边短袜，脚上圆头深蓝色玛丽珍鞋，鞋面各有一枚浅金色小蝴蝶结。
配色以深海蓝、钴蓝、浅海蓝与白色为主，少量金色勾勒细节。

【输出要求】只画一个角色、单幅画面：不要分栏、不要拼版、不要多视图并排、不要网格边框或格线、不要文字标注或箭头说明、不要水印、不要 UI 按钮或滚动条、不要角色设定表的版式。高度还原上述角色设计，画风为精致的日系动漫插画上色（干净的赛璐璐平涂 + 柔和渐变，清晰锐利的线稿）。"
C34,成熟·配饰大全,1536x1536,C34_成熟·配饰大全.png,C34_成熟·配饰大全.jpg,W019+W021+W023,"【本次任务】画一张配饰大全图：把这位角色的所有配饰逐个分离陈列在纯白背景上——白色层叠蕾丝女仆发箍、亮蓝色小蝴蝶结（发箍两侧与后脑细辫处）、头侧的深蓝色鲸鱼鳍状耳朵（内侧白色波浪褶边）、深蓝色领结与其中央的椭圆蓝宝石（带细金边）、深蓝腰封、金色圆扣、背后宽大的白色蝴蝶结。每件配饰单独摆放、互不重叠、朝向一致、完整可见。不要画人物，不要画脸，只画配饰本身。纯白背景。

【角色锁定】【角色锁定·成熟比例鲸鱼娘】成熟比例的蓝色鲸鱼娘，身形修长，腰线清晰，腿部比例较长，
头身比例接近成年女性角色。头发浓密，长度延伸到腰臀以下，发根深海蓝，发束中穿插钴蓝色光泽，
越靠近发尾越转为明亮海蓝与浅青蓝；长发从两肩向外铺开，末端形成层层波浪卷。
额前轻覆额头的侧分斜刘海，脸颊旁留着向内弯曲的短发，头顶一根细长呆毛自然向上弯起；
后脑上层头发编成一圈细辫，并在垂落长发之间系上蓝色蝴蝶结。
面部轮廓纤细柔和，眼睛呈明亮杏仁形，深蓝外圈包裹渐变至亮蓝的虹膜，点缀清晰浅色高光；
神情开朗亲切，眼尾自然舒展，嘴角扬起轻松真诚的笑容，脸颊带淡淡红晕。
头顶佩戴白色层叠蕾丝女仆发箍，两侧各有亮蓝色小蝴蝶结；头侧一对横向舒展的深蓝色鲸鱼鳍状耳朵，
鳍的内侧衬着白色波浪褶边。身穿深蓝与白色的精致女仆服：白色立领下系深蓝领结，
领结中央镶椭圆形蓝宝石与细金边；胸前是带纵向褶裥、纽扣和蕾丝边的白色布料，两肩有白色荷叶边肩饰；
深蓝色袖子微微蓬起，袖口收紧并露出白色花边。腰间贴合身形的深蓝色腰封，前面排列两行小巧金色纽扣。
深蓝色裙摆从腰部自然展开，长度落在小腿中段，线条优雅、垂坠适度，
裙摆叠层次分明的白色荷叶边与蕾丝，裙面点缀细小金色十字星与精致装饰线。
正面系白色围裙，下缘呈柔和波浪形并镶花边，靠近裙角处印有蓝色小鲸鱼图案；
背后系宽大的白色蝴蝶结，缎带顺着裙摆垂落。腰后伸出深海蓝色鲸尾，略带柔和光泽，向外下方延伸，
末端展开为两片宽大的尾鳍，鳍缘渐变成浅蓝色。双腿穿白色过膝长袜，袜口饰蕾丝与深蓝小蝴蝶结；
脚穿深蓝色圆头玛丽珍鞋，脚背横带配金色圆扣，鞋跟为稳重方形中跟。
整体以深海蓝、钴蓝、浅青蓝与白色为主，宝石蓝与少量金色用于精细装饰。

【输出要求】只画一个角色、单幅画面：不要分栏、不要拼版、不要多视图并排、不要网格边框或格线、不要文字标注或箭头说明、不要水印、不要 UI 按钮或滚动条、不要角色设定表的版式。高度还原上述角色设计，画风为精致的日系动漫插画上色（干净的赛璐璐平涂 + 柔和渐变，清晰锐利的线稿）。"
C35,Q版·配饰大全,1536x1536,C35_Q版·配饰大全.png,C35_Q版·配饰大全.jpg,W008+W010+W012,"【本次任务】画一张配饰大全图：把这位 Q 版角色的所有配饰逐个分离陈列在纯白背景上——拱起的白色层叠蕾丝女仆发箍、亮蓝色小蝴蝶结（发箍两侧）、头侧向两边展开的鲸鱼鳍状耳朵（外侧深海蓝、内缘白色波浪褶边）、深蓝色领结与中央的金边椭圆蓝宝石、深蓝腰封、以及鞋面的浅金色小蝴蝶结。每件配饰单独摆放、互不重叠、完整可见。不要画人物，只画配饰本身。纯白背景。

【角色锁定】【角色锁定·Q版大肥鱼】Q版蓝色鲸鱼娘，约三头身的圆润比例，大头小身材，整体轮廓柔软饱满。
头发以深海蓝为主色，从发根深蓝渐变到发尾明亮海蓝与浅青蓝；额前层叠斜刘海，几束短发贴着圆脸向内弯，
头顶翘起一根弧形呆毛；后发浓密修长，从肩背两侧垂下，末端散成微卷波浪发束。
脸颊圆润，眼睛占脸部很大比例，深蓝外圈包亮蓝虹膜，瞳孔中有大小不同的白色与浅蓝高光；
鼻子小巧，双颊淡粉，嘴巴小而精致。头戴拱起的白色层叠蕾丝女仆发箍，发箍两侧各系一枚亮蓝色小蝴蝶结；
头侧一对向两边展开的鲸鱼鳍状耳朵，外侧深海蓝，内缘带白色波浪形褶边。
身后一条厚实深蓝色鲸尾，从腰后向侧面弯起，末端分成两片圆润尾鳍，下侧颜色渐浅并带一点蓝紫。
身穿深蓝与白色相间的女仆裙：内层白色高领衬衫有细密纵向褶裥和深色纽扣，领口系深蓝蝴蝶结，
中央是一颗金边镶嵌的椭圆蓝宝石；外层深蓝短上衣收在腰间，泡泡袖，袖口露出白色蕾丝；
腰前宽大白色围裙，边缘一圈细密荷叶边，正中印有小蓝鲸与水花图案；深蓝短裙向外撑开，
裙摆下叠多层白色花边，裙面与袖口点缀细小金色十字星、针脚与浅金色蝴蝶结。
腿上白色花边短袜，脚上圆头深蓝色玛丽珍鞋，鞋面各有一枚浅金色小蝴蝶结。
配色以深海蓝、钴蓝、浅海蓝与白色为主，少量金色勾勒细节。

【输出要求】只画一个角色、单幅画面：不要分栏、不要拼版、不要多视图并排、不要网格边框或格线、不要文字标注或箭头说明、不要水印、不要 UI 按钮或滚动条、不要角色设定表的版式。高度还原上述角色设计，画风为精致的日系动漫插画上色（干净的赛璐璐平涂 + 柔和渐变，清晰锐利的线稿）。"
C36,共享·小蓝鲸与水花图案,1536x1536,C36_共享·小蓝鲸与水花图案.png,C36_共享·小蓝鲸与水花图案.jpg,W022+W013,"【本次任务】画一张图案素材图：整理这套设定用到的两只小蓝鲸图案（成熟比例围裙上的一只、Q版围裙上的一只，均为一笔蓝色墨水感的简笔小鲸鱼，背部喷出细小的水花）与水花元素（三个小水滴组成的水花、以及细小的波浪线）。同一图案分别提供「描边版」与「填充版」两种呈现，整齐排列在纯白背景上、互不重叠、边界清晰便于抠图。不要画人物，不要画脸，只画图案本身。

【角色锁定】【角色锁定·成熟比例鲸鱼娘】成熟比例的蓝色鲸鱼娘，身形修长，腰线清晰，腿部比例较长，
头身比例接近成年女性角色。头发浓密，长度延伸到腰臀以下，发根深海蓝，发束中穿插钴蓝色光泽，
越靠近发尾越转为明亮海蓝与浅青蓝；长发从两肩向外铺开，末端形成层层波浪卷。
额前轻覆额头的侧分斜刘海，脸颊旁留着向内弯曲的短发，头顶一根细长呆毛自然向上弯起；
后脑上层头发编成一圈细辫，并在垂落长发之间系上蓝色蝴蝶结。
面部轮廓纤细柔和，眼睛呈明亮杏仁形，深蓝外圈包裹渐变至亮蓝的虹膜，点缀清晰浅色高光；
神情开朗亲切，眼尾自然舒展，嘴角扬起轻松真诚的笑容，脸颊带淡淡红晕。
头顶佩戴白色层叠蕾丝女仆发箍，两侧各有亮蓝色小蝴蝶结；头侧一对横向舒展的深蓝色鲸鱼鳍状耳朵，
鳍的内侧衬着白色波浪褶边。身穿深蓝与白色的精致女仆服：白色立领下系深蓝领结，
领结中央镶椭圆形蓝宝石与细金边；胸前是带纵向褶裥、纽扣和蕾丝边的白色布料，两肩有白色荷叶边肩饰；
深蓝色袖子微微蓬起，袖口收紧并露出白色花边。腰间贴合身形的深蓝色腰封，前面排列两行小巧金色纽扣。
深蓝色裙摆从腰部自然展开，长度落在小腿中段，线条优雅、垂坠适度，
裙摆叠层次分明的白色荷叶边与蕾丝，裙面点缀细小金色十字星与精致装饰线。
正面系白色围裙，下缘呈柔和波浪形并镶花边，靠近裙角处印有蓝色小鲸鱼图案；
背后系宽大的白色蝴蝶结，缎带顺着裙摆垂落。腰后伸出深海蓝色鲸尾，略带柔和光泽，向外下方延伸，
末端展开为两片宽大的尾鳍，鳍缘渐变成浅蓝色。双腿穿白色过膝长袜，袜口饰蕾丝与深蓝小蝴蝶结；
脚穿深蓝色圆头玛丽珍鞋，脚背横带配金色圆扣，鞋跟为稳重方形中跟。
整体以深海蓝、钴蓝、浅青蓝与白色为主，宝石蓝与少量金色用于精细装饰。

【输出要求】只画一个角色、单幅画面：不要分栏、不要拼版、不要多视图并排、不要网格边框或格线、不要文字标注或箭头说明、不要水印、不要 UI 按钮或滚动条、不要角色设定表的版式。高度还原上述角色设计，画风为精致的日系动漫插画上色（干净的赛璐璐平涂 + 柔和渐变，清晰锐利的线稿）。"
C37,共享·主色卡（带色号）,1536x1536,C37_共享·主色卡（带色号）.png,C37_共享·主色卡（带色号）.jpg,W016+W005,"【本次任务】画一张角色配色卡（color palette chart）：把这些角色用到的每一种主色做成一个规整的方形色块，整齐排列成网格，每个色块下方标注该颜色的中文名称与十六进制色号。颜色包含：深海蓝（发根与鲸尾主色）、钴蓝（发束光泽）、亮海蓝（发尾渐变）、浅青蓝（发尾最亮处）、宝石蓝（领口宝石）、纯白（衬衫围裙蕾丝）、深蓝（女仆服主色）、浅金色（装饰线与蝴蝶结）、淡粉（腮红）。色块边界清晰、色号文字工整正确。不要画人物，只画色卡本身。纯白背景。

【角色锁定】【角色锁定·成熟比例鲸鱼娘】成熟比例的蓝色鲸鱼娘，身形修长，腰线清晰，腿部比例较长，
头身比例接近成年女性角色。头发浓密，长度延伸到腰臀以下，发根深海蓝，发束中穿插钴蓝色光泽，
越靠近发尾越转为明亮海蓝与浅青蓝；长发从两肩向外铺开，末端形成层层波浪卷。
额前轻覆额头的侧分斜刘海，脸颊旁留着向内弯曲的短发，头顶一根细长呆毛自然向上弯起；
后脑上层头发编成一圈细辫，并在垂落长发之间系上蓝色蝴蝶结。
面部轮廓纤细柔和，眼睛呈明亮杏仁形，深蓝外圈包裹渐变至亮蓝的虹膜，点缀清晰浅色高光；
神情开朗亲切，眼尾自然舒展，嘴角扬起轻松真诚的笑容，脸颊带淡淡红晕。
头顶佩戴白色层叠蕾丝女仆发箍，两侧各有亮蓝色小蝴蝶结；头侧一对横向舒展的深蓝色鲸鱼鳍状耳朵，
鳍的内侧衬着白色波浪褶边。身穿深蓝与白色的精致女仆服：白色立领下系深蓝领结，
领结中央镶椭圆形蓝宝石与细金边；胸前是带纵向褶裥、纽扣和蕾丝边的白色布料，两肩有白色荷叶边肩饰；
深蓝色袖子微微蓬起，袖口收紧并露出白色花边。腰间贴合身形的深蓝色腰封，前面排列两行小巧金色纽扣。
深蓝色裙摆从腰部自然展开，长度落在小腿中段，线条优雅、垂坠适度，
裙摆叠层次分明的白色荷叶边与蕾丝，裙面点缀细小金色十字星与精致装饰线。
正面系白色围裙，下缘呈柔和波浪形并镶花边，靠近裙角处印有蓝色小鲸鱼图案；
背后系宽大的白色蝴蝶结，缎带顺着裙摆垂落。腰后伸出深海蓝色鲸尾，略带柔和光泽，向外下方延伸，
末端展开为两片宽大的尾鳍，鳍缘渐变成浅蓝色。双腿穿白色过膝长袜，袜口饰蕾丝与深蓝小蝴蝶结；
脚穿深蓝色圆头玛丽珍鞋，脚背横带配金色圆扣，鞋跟为稳重方形中跟。
整体以深海蓝、钴蓝、浅青蓝与白色为主，宝石蓝与少量金色用于精细装饰。

【输出要求】只画这一张素材图、单幅画面：不要角色设定表的整体版式、不要分栏拼版、不要网格边框、不要水印、不要 UI 按钮或滚动条。允许出现必要的文字标注与色值（例如十六进制色号、部件名称、头身比数字）——文字必须清晰、拼写正确、排版整齐、字体简洁。画风为精致的日系动漫插画上色（干净的赛璐璐平涂 + 柔和渐变，清晰锐利的线稿）。"
C38,共享·头发渐变与眼睛拆解,1536x1536,C38_共享·头发渐变与眼睛拆解.png,C38_共享·头发渐变与眼睛拆解.jpg,W019+W011+W016,"【本次任务】画一张专项拆解图，分两块：第一块是头发渐变阶梯色卡——把头发从发根的深海蓝到发尾的亮海蓝与浅青蓝，拆成 5 到 6 个由深到浅的色块阶梯，每阶标注中文名称与十六进制色号；第二块是眼睛配色拆解——把一只眼睛放大，用引线标出深蓝外圈、渐变至亮蓝的虹膜、以及浅色高光的位置与对应色号。排版整齐、文字工整正确。纯白背景。

【角色锁定】【角色锁定·成熟比例鲸鱼娘】成熟比例的蓝色鲸鱼娘，身形修长，腰线清晰，腿部比例较长，
头身比例接近成年女性角色。头发浓密，长度延伸到腰臀以下，发根深海蓝，发束中穿插钴蓝色光泽，
越靠近发尾越转为明亮海蓝与浅青蓝；长发从两肩向外铺开，末端形成层层波浪卷。
额前轻覆额头的侧分斜刘海，脸颊旁留着向内弯曲的短发，头顶一根细长呆毛自然向上弯起；
后脑上层头发编成一圈细辫，并在垂落长发之间系上蓝色蝴蝶结。
面部轮廓纤细柔和，眼睛呈明亮杏仁形，深蓝外圈包裹渐变至亮蓝的虹膜，点缀清晰浅色高光；
神情开朗亲切，眼尾自然舒展，嘴角扬起轻松真诚的笑容，脸颊带淡淡红晕。
头顶佩戴白色层叠蕾丝女仆发箍，两侧各有亮蓝色小蝴蝶结；头侧一对横向舒展的深蓝色鲸鱼鳍状耳朵，
鳍的内侧衬着白色波浪褶边。身穿深蓝与白色的精致女仆服：白色立领下系深蓝领结，
领结中央镶椭圆形蓝宝石与细金边；胸前是带纵向褶裥、纽扣和蕾丝边的白色布料，两肩有白色荷叶边肩饰；
深蓝色袖子微微蓬起，袖口收紧并露出白色花边。腰间贴合身形的深蓝色腰封，前面排列两行小巧金色纽扣。
深蓝色裙摆从腰部自然展开，长度落在小腿中段，线条优雅、垂坠适度，
裙摆叠层次分明的白色荷叶边与蕾丝，裙面点缀细小金色十字星与精致装饰线。
正面系白色围裙，下缘呈柔和波浪形并镶花边，靠近裙角处印有蓝色小鲸鱼图案；
背后系宽大的白色蝴蝶结，缎带顺着裙摆垂落。腰后伸出深海蓝色鲸尾，略带柔和光泽，向外下方延伸，
末端展开为两片宽大的尾鳍，鳍缘渐变成浅蓝色。双腿穿白色过膝长袜，袜口饰蕾丝与深蓝小蝴蝶结；
脚穿深蓝色圆头玛丽珍鞋，脚背横带配金色圆扣，鞋跟为稳重方形中跟。
整体以深海蓝、钴蓝、浅青蓝与白色为主，宝石蓝与少量金色用于精细装饰。

【输出要求】只画这一张素材图、单幅画面：不要角色设定表的整体版式、不要分栏拼版、不要网格边框、不要水印、不要 UI 按钮或滚动条。允许出现必要的文字标注与色值（例如十六进制色号、部件名称、头身比数字）——文字必须清晰、拼写正确、排版整齐、字体简洁。画风为精致的日系动漫插画上色（干净的赛璐璐平涂 + 柔和渐变，清晰锐利的线稿）。"
C39,成熟·鲸尾结构多角度（收紧版）,1536x1536,C39_成熟·鲸尾结构多角度（收紧版）.png,C39_成熟·鲸尾结构多角度（收紧版）.jpg,W023+W018,"【本次任务】画一张鲸尾结构专项设定图：只画角色的鲸尾，用三个角度并排展示——正面视角、侧面视角、背面视角（不要俯视角度）。必须清晰表现尾根与腰臀连接处的过渡结构（尾根从腰后伸出、与身体自然衔接）、厚实的尾柄由粗到细的收束、以及尾柄末端展开为两片宽大圆润的尾鳍；还要表现尾鳍边缘由深海蓝渐变到浅蓝色的过渡。三个角度分离排布、互不重叠、大小一致。不要画人物身体与头部，只画鲸尾。纯白背景。

【角色锁定】【角色锁定·成熟比例鲸鱼娘】成熟比例的蓝色鲸鱼娘，身形修长，腰线清晰，腿部比例较长，
头身比例接近成年女性角色。头发浓密，长度延伸到腰臀以下，发根深海蓝，发束中穿插钴蓝色光泽，
越靠近发尾越转为明亮海蓝与浅青蓝；长发从两肩向外铺开，末端形成层层波浪卷。
额前轻覆额头的侧分斜刘海，脸颊旁留着向内弯曲的短发，头顶一根细长呆毛自然向上弯起；
后脑上层头发编成一圈细辫，并在垂落长发之间系上蓝色蝴蝶结。
面部轮廓纤细柔和，眼睛呈明亮杏仁形，深蓝外圈包裹渐变至亮蓝的虹膜，点缀清晰浅色高光；
神情开朗亲切，眼尾自然舒展，嘴角扬起轻松真诚的笑容，脸颊带淡淡红晕。
头顶佩戴白色层叠蕾丝女仆发箍，两侧各有亮蓝色小蝴蝶结；头侧一对横向舒展的深蓝色鲸鱼鳍状耳朵，
鳍的内侧衬着白色波浪褶边。身穿深蓝与白色的精致女仆服：白色立领下系深蓝领结，
领结中央镶椭圆形蓝宝石与细金边；胸前是带纵向褶裥、纽扣和蕾丝边的白色布料，两肩有白色荷叶边肩饰；
深蓝色袖子微微蓬起，袖口收紧并露出白色花边。腰间贴合身形的深蓝色腰封，前面排列两行小巧金色纽扣。
深蓝色裙摆从腰部自然展开，长度落在小腿中段，线条优雅、垂坠适度，
裙摆叠层次分明的白色荷叶边与蕾丝，裙面点缀细小金色十字星与精致装饰线。
正面系白色围裙，下缘呈柔和波浪形并镶花边，靠近裙角处印有蓝色小鲸鱼图案；
背后系宽大的白色蝴蝶结，缎带顺着裙摆垂落。腰后伸出深海蓝色鲸尾，略带柔和光泽，向外下方延伸，
末端展开为两片宽大的尾鳍，鳍缘渐变成浅蓝色。双腿穿白色过膝长袜，袜口饰蕾丝与深蓝小蝴蝶结；
脚穿深蓝色圆头玛丽珍鞋，脚背横带配金色圆扣，鞋跟为稳重方形中跟。
整体以深海蓝、钴蓝、浅青蓝与白色为主，宝石蓝与少量金色用于精细装饰。

【输出要求】只画一个角色、单幅画面：不要分栏、不要拼版、不要多视图并排、不要网格边框或格线、不要文字标注或箭头说明、不要水印、不要 UI 按钮或滚动条、不要角色设定表的版式。高度还原上述角色设计，画风为精致的日系动漫插画上色（干净的赛璐璐平涂 + 柔和渐变，清晰锐利的线稿）。"
C40,Q版·鲸尾结构多角度,1536x1536,C40_Q版·鲸尾结构多角度.png,C40_Q版·鲸尾结构多角度.jpg,W007+W005,"【本次任务】画一张鲸尾结构专项设定图：只画这位 Q 版角色的厚实深蓝色鲸尾，用三个角度并排展示——正面视角、侧面视角、背面视角（不要俯视角度）。必须清晰表现尾根与腰部连接处的过渡、尾柄由粗到细、以及末端分成两片圆润尾鳍的结构，并表现尾鳍下侧颜色渐浅、带一点蓝紫。三个角度分离排布、互不重叠。不要画人物身体与头部，只画鲸尾。纯白背景。

【角色锁定】【角色锁定·Q版大肥鱼】Q版蓝色鲸鱼娘，约三头身的圆润比例，大头小身材，整体轮廓柔软饱满。
头发以深海蓝为主色，从发根深蓝渐变到发尾明亮海蓝与浅青蓝；额前层叠斜刘海，几束短发贴着圆脸向内弯，
头顶翘起一根弧形呆毛；后发浓密修长，从肩背两侧垂下，末端散成微卷波浪发束。
脸颊圆润，眼睛占脸部很大比例，深蓝外圈包亮蓝虹膜，瞳孔中有大小不同的白色与浅蓝高光；
鼻子小巧，双颊淡粉，嘴巴小而精致。头戴拱起的白色层叠蕾丝女仆发箍，发箍两侧各系一枚亮蓝色小蝴蝶结；
头侧一对向两边展开的鲸鱼鳍状耳朵，外侧深海蓝，内缘带白色波浪形褶边。
身后一条厚实深蓝色鲸尾，从腰后向侧面弯起，末端分成两片圆润尾鳍，下侧颜色渐浅并带一点蓝紫。
身穿深蓝与白色相间的女仆裙：内层白色高领衬衫有细密纵向褶裥和深色纽扣，领口系深蓝蝴蝶结，
中央是一颗金边镶嵌的椭圆蓝宝石；外层深蓝短上衣收在腰间，泡泡袖，袖口露出白色蕾丝；
腰前宽大白色围裙，边缘一圈细密荷叶边，正中印有小蓝鲸与水花图案；深蓝短裙向外撑开，
裙摆下叠多层白色花边，裙面与袖口点缀细小金色十字星、针脚与浅金色蝴蝶结。
腿上白色花边短袜，脚上圆头深蓝色玛丽珍鞋，鞋面各有一枚浅金色小蝴蝶结。
配色以深海蓝、钴蓝、浅海蓝与白色为主，少量金色勾勒细节。

【输出要求】只画一个角色、单幅画面：不要分栏、不要拼版、不要多视图并排、不要网格边框或格线、不要文字标注或箭头说明、不要水印、不要 UI 按钮或滚动条、不要角色设定表的版式。高度还原上述角色设计，画风为精致的日系动漫插画上色（干净的赛璐璐平涂 + 柔和渐变，清晰锐利的线稿）。"
C41,成熟·鲸鳍耳结构多角度,1536x1536,C41_成熟·鲸鳍耳结构多角度.png,C41_成熟·鲸鳍耳结构多角度.jpg,W019+W017,"【本次任务】画一张鲸鱼鳍状耳朵的结构专项设定图：只画头侧的那一对鲸鱼鳍状耳朵，用三个角度并排展示——正面（向两侧横向舒展）、侧面、以及单只耳朵的特写。必须清晰表现耳朵外侧为深海蓝、内侧衬着白色波浪形褶边、鳍面有柔和的放射状结构线与边缘厚度。三个角度分离排布、互不重叠。不要画脸部与身体，只画这对鳍耳。纯白背景。

【角色锁定】【角色锁定·成熟比例鲸鱼娘】成熟比例的蓝色鲸鱼娘，身形修长，腰线清晰，腿部比例较长，
头身比例接近成年女性角色。头发浓密，长度延伸到腰臀以下，发根深海蓝，发束中穿插钴蓝色光泽，
越靠近发尾越转为明亮海蓝与浅青蓝；长发从两肩向外铺开，末端形成层层波浪卷。
额前轻覆额头的侧分斜刘海，脸颊旁留着向内弯曲的短发，头顶一根细长呆毛自然向上弯起；
后脑上层头发编成一圈细辫，并在垂落长发之间系上蓝色蝴蝶结。
面部轮廓纤细柔和，眼睛呈明亮杏仁形，深蓝外圈包裹渐变至亮蓝的虹膜，点缀清晰浅色高光；
神情开朗亲切，眼尾自然舒展，嘴角扬起轻松真诚的笑容，脸颊带淡淡红晕。
头顶佩戴白色层叠蕾丝女仆发箍，两侧各有亮蓝色小蝴蝶结；头侧一对横向舒展的深蓝色鲸鱼鳍状耳朵，
鳍的内侧衬着白色波浪褶边。身穿深蓝与白色的精致女仆服：白色立领下系深蓝领结，
领结中央镶椭圆形蓝宝石与细金边；胸前是带纵向褶裥、纽扣和蕾丝边的白色布料，两肩有白色荷叶边肩饰；
深蓝色袖子微微蓬起，袖口收紧并露出白色花边。腰间贴合身形的深蓝色腰封，前面排列两行小巧金色纽扣。
深蓝色裙摆从腰部自然展开，长度落在小腿中段，线条优雅、垂坠适度，
裙摆叠层次分明的白色荷叶边与蕾丝，裙面点缀细小金色十字星与精致装饰线。
正面系白色围裙，下缘呈柔和波浪形并镶花边，靠近裙角处印有蓝色小鲸鱼图案；
背后系宽大的白色蝴蝶结，缎带顺着裙摆垂落。腰后伸出深海蓝色鲸尾，略带柔和光泽，向外下方延伸，
末端展开为两片宽大的尾鳍，鳍缘渐变成浅蓝色。双腿穿白色过膝长袜，袜口饰蕾丝与深蓝小蝴蝶结；
脚穿深蓝色圆头玛丽珍鞋，脚背横带配金色圆扣，鞋跟为稳重方形中跟。
整体以深海蓝、钴蓝、浅青蓝与白色为主，宝石蓝与少量金色用于精细装饰。

【输出要求】只画一个角色、单幅画面：不要分栏、不要拼版、不要多视图并排、不要网格边框或格线、不要文字标注或箭头说明、不要水印、不要 UI 按钮或滚动条、不要角色设定表的版式。高度还原上述角色设计，画风为精致的日系动漫插画上色（干净的赛璐璐平涂 + 柔和渐变，清晰锐利的线稿）。"
C42,Q版·鲸鳍耳结构多角度,1536x1536,C42_Q版·鲸鳍耳结构多角度.png,C42_Q版·鲸鳍耳结构多角度.jpg,W010+W008,"【本次任务】画一张鲸鱼鳍状耳朵的结构专项设定图：只画这位 Q 版角色头侧的一对鲸鱼鳍状耳朵，用三个角度并排展示——正面（向两边展开）、侧面、以及单只耳朵的特写。必须清晰表现外侧深海蓝、内缘白色波浪形褶边、以及鳍面的柔软厚度与结构线。三个角度分离排布、互不重叠。不要画脸部与身体，只画这对鳍耳。纯白背景。

【角色锁定】【角色锁定·Q版大肥鱼】Q版蓝色鲸鱼娘，约三头身的圆润比例，大头小身材，整体轮廓柔软饱满。
头发以深海蓝为主色，从发根深蓝渐变到发尾明亮海蓝与浅青蓝；额前层叠斜刘海，几束短发贴着圆脸向内弯，
头顶翘起一根弧形呆毛；后发浓密修长，从肩背两侧垂下，末端散成微卷波浪发束。
脸颊圆润，眼睛占脸部很大比例，深蓝外圈包亮蓝虹膜，瞳孔中有大小不同的白色与浅蓝高光；
鼻子小巧，双颊淡粉，嘴巴小而精致。头戴拱起的白色层叠蕾丝女仆发箍，发箍两侧各系一枚亮蓝色小蝴蝶结；
头侧一对向两边展开的鲸鱼鳍状耳朵，外侧深海蓝，内缘带白色波浪形褶边。
身后一条厚实深蓝色鲸尾，从腰后向侧面弯起，末端分成两片圆润尾鳍，下侧颜色渐浅并带一点蓝紫。
身穿深蓝与白色相间的女仆裙：内层白色高领衬衫有细密纵向褶裥和深色纽扣，领口系深蓝蝴蝶结，
中央是一颗金边镶嵌的椭圆蓝宝石；外层深蓝短上衣收在腰间，泡泡袖，袖口露出白色蕾丝；
腰前宽大白色围裙，边缘一圈细密荷叶边，正中印有小蓝鲸与水花图案；深蓝短裙向外撑开，
裙摆下叠多层白色花边，裙面与袖口点缀细小金色十字星、针脚与浅金色蝴蝶结。
腿上白色花边短袜，脚上圆头深蓝色玛丽珍鞋，鞋面各有一枚浅金色小蝴蝶结。
配色以深海蓝、钴蓝、浅海蓝与白色为主，少量金色勾勒细节。

【输出要求】只画一个角色、单幅画面：不要分栏、不要拼版、不要多视图并排、不要网格边框或格线、不要文字标注或箭头说明、不要水印、不要 UI 按钮或滚动条、不要角色设定表的版式。高度还原上述角色设计，画风为精致的日系动漫插画上色（干净的赛璐璐平涂 + 柔和渐变，清晰锐利的线稿）。"
C43,Q版·平涂色块版,1024x1024,C43_Q版·平涂色块版.png,C43_Q版·平涂色块版.jpg,W005,"【本次任务】画一张平涂色块稿：用干净的赛璐璐平涂方式绘制角色，只铺大色块、不要渐变、不要柔和阴影、不要高光渲染、不要材质质感，保留清晰锐利的黑色线稿。色块边界明确、颜色纯净平整，类似上色流程中的「铺底色」阶段。用于二创上色参考。纯白背景。

【角色锁定】【角色锁定·Q版大肥鱼】Q版蓝色鲸鱼娘，约三头身的圆润比例，大头小身材，整体轮廓柔软饱满。
头发以深海蓝为主色，从发根深蓝渐变到发尾明亮海蓝与浅青蓝；额前层叠斜刘海，几束短发贴着圆脸向内弯，
头顶翘起一根弧形呆毛；后发浓密修长，从肩背两侧垂下，末端散成微卷波浪发束。
脸颊圆润，眼睛占脸部很大比例，深蓝外圈包亮蓝虹膜，瞳孔中有大小不同的白色与浅蓝高光；
鼻子小巧，双颊淡粉，嘴巴小而精致。头戴拱起的白色层叠蕾丝女仆发箍，发箍两侧各系一枚亮蓝色小蝴蝶结；
头侧一对向两边展开的鲸鱼鳍状耳朵，外侧深海蓝，内缘带白色波浪形褶边。
身后一条厚实深蓝色鲸尾，从腰后向侧面弯起，末端分成两片圆润尾鳍，下侧颜色渐浅并带一点蓝紫。
身穿深蓝与白色相间的女仆裙：内层白色高领衬衫有细密纵向褶裥和深色纽扣，领口系深蓝蝴蝶结，
中央是一颗金边镶嵌的椭圆蓝宝石；外层深蓝短上衣收在腰间，泡泡袖，袖口露出白色蕾丝；
腰前宽大白色围裙，边缘一圈细密荷叶边，正中印有小蓝鲸与水花图案；深蓝短裙向外撑开，
裙摆下叠多层白色花边，裙面与袖口点缀细小金色十字星、针脚与浅金色蝴蝶结。
腿上白色花边短袜，脚上圆头深蓝色玛丽珍鞋，鞋面各有一枚浅金色小蝴蝶结。
配色以深海蓝、钴蓝、浅海蓝与白色为主，少量金色勾勒细节。

【输出要求】只画一个角色、单幅画面：不要分栏、不要拼版、不要多视图并排、不要网格边框或格线、不要文字标注或箭头说明、不要水印、不要 UI 按钮或滚动条、不要角色设定表的版式。高度还原上述角色设计，画风为精致的日系动漫插画上色（干净的赛璐璐平涂 + 柔和渐变，清晰锐利的线稿）。"
C44,成熟·纯线稿,1024x1536,C44_成熟·纯线稿.png,C44_成熟·纯线稿.jpg,W016,"【本次任务】画一张纯线稿：单色干净线条稿，只用清晰锐利的黑色线条勾勒角色全身轮廓与服装结构，保留头发分层、蕾丝荷叶边、蝴蝶结、金色十字星装饰与鲸尾的线条表现。不要上色、不要填色块、不要网点、不要灰阶渲染、不要阴影。纯白背景。用于二创描线参考。

【角色锁定】【角色锁定·成熟比例鲸鱼娘】成熟比例的蓝色鲸鱼娘，身形修长，腰线清晰，腿部比例较长，
头身比例接近成年女性角色。头发浓密，长度延伸到腰臀以下，发根深海蓝，发束中穿插钴蓝色光泽，
越靠近发尾越转为明亮海蓝与浅青蓝；长发从两肩向外铺开，末端形成层层波浪卷。
额前轻覆额头的侧分斜刘海，脸颊旁留着向内弯曲的短发，头顶一根细长呆毛自然向上弯起；
后脑上层头发编成一圈细辫，并在垂落长发之间系上蓝色蝴蝶结。
面部轮廓纤细柔和，眼睛呈明亮杏仁形，深蓝外圈包裹渐变至亮蓝的虹膜，点缀清晰浅色高光；
神情开朗亲切，眼尾自然舒展，嘴角扬起轻松真诚的笑容，脸颊带淡淡红晕。
头顶佩戴白色层叠蕾丝女仆发箍，两侧各有亮蓝色小蝴蝶结；头侧一对横向舒展的深蓝色鲸鱼鳍状耳朵，
鳍的内侧衬着白色波浪褶边。身穿深蓝与白色的精致女仆服：白色立领下系深蓝领结，
领结中央镶椭圆形蓝宝石与细金边；胸前是带纵向褶裥、纽扣和蕾丝边的白色布料，两肩有白色荷叶边肩饰；
深蓝色袖子微微蓬起，袖口收紧并露出白色花边。腰间贴合身形的深蓝色腰封，前面排列两行小巧金色纽扣。
深蓝色裙摆从腰部自然展开，长度落在小腿中段，线条优雅、垂坠适度，
裙摆叠层次分明的白色荷叶边与蕾丝，裙面点缀细小金色十字星与精致装饰线。
正面系白色围裙，下缘呈柔和波浪形并镶花边，靠近裙角处印有蓝色小鲸鱼图案；
背后系宽大的白色蝴蝶结，缎带顺着裙摆垂落。腰后伸出深海蓝色鲸尾，略带柔和光泽，向外下方延伸，
末端展开为两片宽大的尾鳍，鳍缘渐变成浅蓝色。双腿穿白色过膝长袜，袜口饰蕾丝与深蓝小蝴蝶结；
脚穿深蓝色圆头玛丽珍鞋，脚背横带配金色圆扣，鞋跟为稳重方形中跟。
整体以深海蓝、钴蓝、浅青蓝与白色为主，宝石蓝与少量金色用于精细装饰。

【输出要求】只画一个角色、单幅画面：不要分栏、不要拼版、不要多视图并排、不要网格边框或格线、不要文字标注或箭头说明、不要水印、不要 UI 按钮或滚动条、不要角色设定表的版式。高度还原上述角色设计，画风为精致的日系动漫插画上色（干净的赛璐璐平涂 + 柔和渐变，清晰锐利的线稿）。"
C45,成熟·平涂色块版,1024x1536,C45_成熟·平涂色块版.png,C45_成熟·平涂色块版.jpg,W016,"【本次任务】画一张平涂色块稿：用干净的赛璐璐平涂方式绘制角色全身，只铺大色块、不要渐变、不要柔和阴影、不要高光渲染、不要材质质感，保留清晰锐利的黑色线稿。色块边界明确、颜色纯净平整，类似上色流程中的「铺底色」阶段。纯白背景。

【角色锁定】【角色锁定·成熟比例鲸鱼娘】成熟比例的蓝色鲸鱼娘，身形修长，腰线清晰，腿部比例较长，
头身比例接近成年女性角色。头发浓密，长度延伸到腰臀以下，发根深海蓝，发束中穿插钴蓝色光泽，
越靠近发尾越转为明亮海蓝与浅青蓝；长发从两肩向外铺开，末端形成层层波浪卷。
额前轻覆额头的侧分斜刘海，脸颊旁留着向内弯曲的短发，头顶一根细长呆毛自然向上弯起；
后脑上层头发编成一圈细辫，并在垂落长发之间系上蓝色蝴蝶结。
面部轮廓纤细柔和，眼睛呈明亮杏仁形，深蓝外圈包裹渐变至亮蓝的虹膜，点缀清晰浅色高光；
神情开朗亲切，眼尾自然舒展，嘴角扬起轻松真诚的笑容，脸颊带淡淡红晕。
头顶佩戴白色层叠蕾丝女仆发箍，两侧各有亮蓝色小蝴蝶结；头侧一对横向舒展的深蓝色鲸鱼鳍状耳朵，
鳍的内侧衬着白色波浪褶边。身穿深蓝与白色的精致女仆服：白色立领下系深蓝领结，
领结中央镶椭圆形蓝宝石与细金边；胸前是带纵向褶裥、纽扣和蕾丝边的白色布料，两肩有白色荷叶边肩饰；
深蓝色袖子微微蓬起，袖口收紧并露出白色花边。腰间贴合身形的深蓝色腰封，前面排列两行小巧金色纽扣。
深蓝色裙摆从腰部自然展开，长度落在小腿中段，线条优雅、垂坠适度，
裙摆叠层次分明的白色荷叶边与蕾丝，裙面点缀细小金色十字星与精致装饰线。
正面系白色围裙，下缘呈柔和波浪形并镶花边，靠近裙角处印有蓝色小鲸鱼图案；
背后系宽大的白色蝴蝶结，缎带顺着裙摆垂落。腰后伸出深海蓝色鲸尾，略带柔和光泽，向外下方延伸，
末端展开为两片宽大的尾鳍，鳍缘渐变成浅蓝色。双腿穿白色过膝长袜，袜口饰蕾丝与深蓝小蝴蝶结；
脚穿深蓝色圆头玛丽珍鞋，脚背横带配金色圆扣，鞋跟为稳重方形中跟。
整体以深海蓝、钴蓝、浅青蓝与白色为主，宝石蓝与少量金色用于精细装饰。

【输出要求】只画一个角色、单幅画面：不要分栏、不要拼版、不要多视图并排、不要网格边框或格线、不要文字标注或箭头说明、不要水印、不要 UI 按钮或滚动条、不要角色设定表的版式。高度还原上述角色设计，画风为精致的日系动漫插画上色（干净的赛璐璐平涂 + 柔和渐变，清晰锐利的线稿）。"
C46,共享·Q版与成熟并排比例对照,1536x1536,C46_共享·Q版与成熟并排比例对照.png,C46_共享·Q版与成熟并排比例对照.jpg,W005+W016,"【本次任务】画一张比例对照图：把 Q 版角色与成熟比例角色并排站立在同一水平地面上，左边 Q 版、右边成熟比例，两者高度一致便于对比。在两侧分别标注中文说明与头身比数字（Q 版约三头身、成熟比例约七头身），并在两人之间画出等高的水平虚线辅助线。排版整齐、文字工整正确、比例准确。纯白背景。

【角色锁定】【角色锁定·成熟比例鲸鱼娘】成熟比例的蓝色鲸鱼娘，身形修长，腰线清晰，腿部比例较长，
头身比例接近成年女性角色。头发浓密，长度延伸到腰臀以下，发根深海蓝，发束中穿插钴蓝色光泽，
越靠近发尾越转为明亮海蓝与浅青蓝；长发从两肩向外铺开，末端形成层层波浪卷。
额前轻覆额头的侧分斜刘海，脸颊旁留着向内弯曲的短发，头顶一根细长呆毛自然向上弯起；
后脑上层头发编成一圈细辫，并在垂落长发之间系上蓝色蝴蝶结。
面部轮廓纤细柔和，眼睛呈明亮杏仁形，深蓝外圈包裹渐变至亮蓝的虹膜，点缀清晰浅色高光；
神情开朗亲切，眼尾自然舒展，嘴角扬起轻松真诚的笑容，脸颊带淡淡红晕。
头顶佩戴白色层叠蕾丝女仆发箍，两侧各有亮蓝色小蝴蝶结；头侧一对横向舒展的深蓝色鲸鱼鳍状耳朵，
鳍的内侧衬着白色波浪褶边。身穿深蓝与白色的精致女仆服：白色立领下系深蓝领结，
领结中央镶椭圆形蓝宝石与细金边；胸前是带纵向褶裥、纽扣和蕾丝边的白色布料，两肩有白色荷叶边肩饰；
深蓝色袖子微微蓬起，袖口收紧并露出白色花边。腰间贴合身形的深蓝色腰封，前面排列两行小巧金色纽扣。
深蓝色裙摆从腰部自然展开，长度落在小腿中段，线条优雅、垂坠适度，
裙摆叠层次分明的白色荷叶边与蕾丝，裙面点缀细小金色十字星与精致装饰线。
正面系白色围裙，下缘呈柔和波浪形并镶花边，靠近裙角处印有蓝色小鲸鱼图案；
背后系宽大的白色蝴蝶结，缎带顺着裙摆垂落。腰后伸出深海蓝色鲸尾，略带柔和光泽，向外下方延伸，
末端展开为两片宽大的尾鳍，鳍缘渐变成浅蓝色。双腿穿白色过膝长袜，袜口饰蕾丝与深蓝小蝴蝶结；
脚穿深蓝色圆头玛丽珍鞋，脚背横带配金色圆扣，鞋跟为稳重方形中跟。
整体以深海蓝、钴蓝、浅青蓝与白色为主，宝石蓝与少量金色用于精细装饰。

【输出要求】只画这一张素材图、单幅画面：不要角色设定表的整体版式、不要分栏拼版、不要网格边框、不要水印、不要 UI 按钮或滚动条。允许出现必要的文字标注与色值（例如十六进制色号、部件名称、头身比数字）——文字必须清晰、拼写正确、排版整齐、字体简洁。画风为精致的日系动漫插画上色（干净的赛璐璐平涂 + 柔和渐变，清晰锐利的线稿）。"
C47,共享·头身比结构图解,1536x1536,C47_共享·头身比结构图解.png,C47_共享·头身比结构图解.jpg,W016,"【本次任务】画一张头身比结构图解：以成熟比例角色的正面全身为基础，在身体旁边叠加等分的水平刻度线，把身高按头长等分为七个单位，每一格标注中文序号（第一头、第二头……）与对应的身体部位名称（头顶、下巴、肩线、腰线、裙摆、膝、脚踝、地面）。线条简洁、标注工整正确、角色保持完整可辨。纯白背景。

【角色锁定】【角色锁定·成熟比例鲸鱼娘】成熟比例的蓝色鲸鱼娘，身形修长，腰线清晰，腿部比例较长，
头身比例接近成年女性角色。头发浓密，长度延伸到腰臀以下，发根深海蓝，发束中穿插钴蓝色光泽，
越靠近发尾越转为明亮海蓝与浅青蓝；长发从两肩向外铺开，末端形成层层波浪卷。
额前轻覆额头的侧分斜刘海，脸颊旁留着向内弯曲的短发，头顶一根细长呆毛自然向上弯起；
后脑上层头发编成一圈细辫，并在垂落长发之间系上蓝色蝴蝶结。
面部轮廓纤细柔和，眼睛呈明亮杏仁形，深蓝外圈包裹渐变至亮蓝的虹膜，点缀清晰浅色高光；
神情开朗亲切，眼尾自然舒展，嘴角扬起轻松真诚的笑容，脸颊带淡淡红晕。
头顶佩戴白色层叠蕾丝女仆发箍，两侧各有亮蓝色小蝴蝶结；头侧一对横向舒展的深蓝色鲸鱼鳍状耳朵，
鳍的内侧衬着白色波浪褶边。身穿深蓝与白色的精致女仆服：白色立领下系深蓝领结，
领结中央镶椭圆形蓝宝石与细金边；胸前是带纵向褶裥、纽扣和蕾丝边的白色布料，两肩有白色荷叶边肩饰；
深蓝色袖子微微蓬起，袖口收紧并露出白色花边。腰间贴合身形的深蓝色腰封，前面排列两行小巧金色纽扣。
深蓝色裙摆从腰部自然展开，长度落在小腿中段，线条优雅、垂坠适度，
裙摆叠层次分明的白色荷叶边与蕾丝，裙面点缀细小金色十字星与精致装饰线。
正面系白色围裙，下缘呈柔和波浪形并镶花边，靠近裙角处印有蓝色小鲸鱼图案；
背后系宽大的白色蝴蝶结，缎带顺着裙摆垂落。腰后伸出深海蓝色鲸尾，略带柔和光泽，向外下方延伸，
末端展开为两片宽大的尾鳍，鳍缘渐变成浅蓝色。双腿穿白色过膝长袜，袜口饰蕾丝与深蓝小蝴蝶结；
脚穿深蓝色圆头玛丽珍鞋，脚背横带配金色圆扣，鞋跟为稳重方形中跟。
整体以深海蓝、钴蓝、浅青蓝与白色为主，宝石蓝与少量金色用于精细装饰。

【输出要求】只画这一张素材图、单幅画面：不要角色设定表的整体版式、不要分栏拼版、不要网格边框、不要水印、不要 UI 按钮或滚动条。允许出现必要的文字标注与色值（例如十六进制色号、部件名称、头身比数字）——文字必须清晰、拼写正确、排版整齐、字体简洁。画风为精致的日系动漫插画上色（干净的赛璐璐平涂 + 柔和渐变，清晰锐利的线稿）。"
C48,成熟·正面半身立绘,1024x1024,C48_成熟·正面半身立绘.png,C48_成熟·正面半身立绘.jpg,W016+W019,"【本次任务】画一张正面半身立绘（从头顶到大腿中部）：角色正对镜头，双手轻叠在身前围裙上，面带开朗亲切的微笑，清晰展示发箍、鳍耳、领结宝石、白色胸前布料、肩饰与围裙上半部分。纯白背景。

【角色锁定】【角色锁定·成熟比例鲸鱼娘】成熟比例的蓝色鲸鱼娘，身形修长，腰线清晰，腿部比例较长，
头身比例接近成年女性角色。头发浓密，长度延伸到腰臀以下，发根深海蓝，发束中穿插钴蓝色光泽，
越靠近发尾越转为明亮海蓝与浅青蓝；长发从两肩向外铺开，末端形成层层波浪卷。
额前轻覆额头的侧分斜刘海，脸颊旁留着向内弯曲的短发，头顶一根细长呆毛自然向上弯起；
后脑上层头发编成一圈细辫，并在垂落长发之间系上蓝色蝴蝶结。
面部轮廓纤细柔和，眼睛呈明亮杏仁形，深蓝外圈包裹渐变至亮蓝的虹膜，点缀清晰浅色高光；
神情开朗亲切，眼尾自然舒展，嘴角扬起轻松真诚的笑容，脸颊带淡淡红晕。
头顶佩戴白色层叠蕾丝女仆发箍，两侧各有亮蓝色小蝴蝶结；头侧一对横向舒展的深蓝色鲸鱼鳍状耳朵，
鳍的内侧衬着白色波浪褶边。身穿深蓝与白色的精致女仆服：白色立领下系深蓝领结，
领结中央镶椭圆形蓝宝石与细金边；胸前是带纵向褶裥、纽扣和蕾丝边的白色布料，两肩有白色荷叶边肩饰；
深蓝色袖子微微蓬起，袖口收紧并露出白色花边。腰间贴合身形的深蓝色腰封，前面排列两行小巧金色纽扣。
深蓝色裙摆从腰部自然展开，长度落在小腿中段，线条优雅、垂坠适度，
裙摆叠层次分明的白色荷叶边与蕾丝，裙面点缀细小金色十字星与精致装饰线。
正面系白色围裙，下缘呈柔和波浪形并镶花边，靠近裙角处印有蓝色小鲸鱼图案；
背后系宽大的白色蝴蝶结，缎带顺着裙摆垂落。腰后伸出深海蓝色鲸尾，略带柔和光泽，向外下方延伸，
末端展开为两片宽大的尾鳍，鳍缘渐变成浅蓝色。双腿穿白色过膝长袜，袜口饰蕾丝与深蓝小蝴蝶结；
脚穿深蓝色圆头玛丽珍鞋，脚背横带配金色圆扣，鞋跟为稳重方形中跟。
整体以深海蓝、钴蓝、浅青蓝与白色为主，宝石蓝与少量金色用于精细装饰。

【输出要求】只画一个角色、单幅画面：不要分栏、不要拼版、不要多视图并排、不要网格边框或格线、不要文字标注或箭头说明、不要水印、不要 UI 按钮或滚动条、不要角色设定表的版式。高度还原上述角色设计，画风为精致的日系动漫插画上色（干净的赛璐璐平涂 + 柔和渐变，清晰锐利的线稿）。"
C49,Q版·正面半身立绘,1024x1024,C49_Q版·正面半身立绘.png,C49_Q版·正面半身立绘.jpg,W005+W008,"【本次任务】画一张正面半身立绘（从头顶到大腿中部）：Q版角色正对镜头，双臂微微张开，开心张嘴笑，清晰展示发箍、两侧蝴蝶结、鳍耳、领结宝石、白色衬衫、围裙与小鲸鱼图案。纯白背景。

【角色锁定】【角色锁定·Q版大肥鱼】Q版蓝色鲸鱼娘，约三头身的圆润比例，大头小身材，整体轮廓柔软饱满。
头发以深海蓝为主色，从发根深蓝渐变到发尾明亮海蓝与浅青蓝；额前层叠斜刘海，几束短发贴着圆脸向内弯，
头顶翘起一根弧形呆毛；后发浓密修长，从肩背两侧垂下，末端散成微卷波浪发束。
脸颊圆润，眼睛占脸部很大比例，深蓝外圈包亮蓝虹膜，瞳孔中有大小不同的白色与浅蓝高光；
鼻子小巧，双颊淡粉，嘴巴小而精致。头戴拱起的白色层叠蕾丝女仆发箍，发箍两侧各系一枚亮蓝色小蝴蝶结；
头侧一对向两边展开的鲸鱼鳍状耳朵，外侧深海蓝，内缘带白色波浪形褶边。
身后一条厚实深蓝色鲸尾，从腰后向侧面弯起，末端分成两片圆润尾鳍，下侧颜色渐浅并带一点蓝紫。
身穿深蓝与白色相间的女仆裙：内层白色高领衬衫有细密纵向褶裥和深色纽扣，领口系深蓝蝴蝶结，
中央是一颗金边镶嵌的椭圆蓝宝石；外层深蓝短上衣收在腰间，泡泡袖，袖口露出白色蕾丝；
腰前宽大白色围裙，边缘一圈细密荷叶边，正中印有小蓝鲸与水花图案；深蓝短裙向外撑开，
裙摆下叠多层白色花边，裙面与袖口点缀细小金色十字星、针脚与浅金色蝴蝶结。
腿上白色花边短袜，脚上圆头深蓝色玛丽珍鞋，鞋面各有一枚浅金色小蝴蝶结。
配色以深海蓝、钴蓝、浅海蓝与白色为主，少量金色勾勒细节。

【输出要求】只画一个角色、单幅画面：不要分栏、不要拼版、不要多视图并排、不要网格边框或格线、不要文字标注或箭头说明、不要水印、不要 UI 按钮或滚动条、不要角色设定表的版式。高度还原上述角色设计，画风为精致的日系动漫插画上色（干净的赛璐璐平涂 + 柔和渐变，清晰锐利的线稿）。"
C50,Q版·贴纸比心,2048x2048,C50_Q版·贴纸比心.png,C50_Q版·贴纸比心.jpg,W008+W005,"【本次任务】画一张表情贴纸：半身构图（从头顶到大腿中部），双手在胸前比出一个心形，眼神闪亮、张嘴大笑，表情夸张可爱。角色朝向镜头。贴纸风格：人物外轮廓有一圈均匀醒目的白色描边（便于抠图做贴纸），颜色明快饱和，浅色干净背景，主体居中。

【角色锁定】【角色锁定·Q版大肥鱼】Q版蓝色鲸鱼娘，约三头身的圆润比例，大头小身材，整体轮廓柔软饱满。
头发以深海蓝为主色，从发根深蓝渐变到发尾明亮海蓝与浅青蓝；额前层叠斜刘海，几束短发贴着圆脸向内弯，
头顶翘起一根弧形呆毛；后发浓密修长，从肩背两侧垂下，末端散成微卷波浪发束。
脸颊圆润，眼睛占脸部很大比例，深蓝外圈包亮蓝虹膜，瞳孔中有大小不同的白色与浅蓝高光；
鼻子小巧，双颊淡粉，嘴巴小而精致。头戴拱起的白色层叠蕾丝女仆发箍，发箍两侧各系一枚亮蓝色小蝴蝶结；
头侧一对向两边展开的鲸鱼鳍状耳朵，外侧深海蓝，内缘带白色波浪形褶边。
身后一条厚实深蓝色鲸尾，从腰后向侧面弯起，末端分成两片圆润尾鳍，下侧颜色渐浅并带一点蓝紫。
身穿深蓝与白色相间的女仆裙：内层白色高领衬衫有细密纵向褶裥和深色纽扣，领口系深蓝蝴蝶结，
中央是一颗金边镶嵌的椭圆蓝宝石；外层深蓝短上衣收在腰间，泡泡袖，袖口露出白色蕾丝；
腰前宽大白色围裙，边缘一圈细密荷叶边，正中印有小蓝鲸与水花图案；深蓝短裙向外撑开，
裙摆下叠多层白色花边，裙面与袖口点缀细小金色十字星、针脚与浅金色蝴蝶结。
腿上白色花边短袜，脚上圆头深蓝色玛丽珍鞋，鞋面各有一枚浅金色小蝴蝶结。
配色以深海蓝、钴蓝、浅海蓝与白色为主，少量金色勾勒细节。

【输出要求】只画一个角色、单幅画面：不要分栏、不要拼版、不要多视图并排、不要网格边框或格线、不要文字标注或箭头说明、不要水印、不要 UI 按钮或滚动条、不要角色设定表的版式。高度还原上述角色设计，画风为精致的日系动漫插画上色（干净的赛璐璐平涂 + 柔和渐变，清晰锐利的线稿）。"
C51,Q版·贴纸竖大拇指点赞,2048x2048,C51_Q版·贴纸竖大拇指点赞.png,C51_Q版·贴纸竖大拇指点赞.jpg,W008+W005,"【本次任务】画一张表情贴纸：半身构图（从头顶到大腿中部），一只手在胸前竖起大拇指点赞，另一只手叉腰，得意地眯眼笑。角色朝向镜头。贴纸风格：人物外轮廓有一圈均匀醒目的白色描边（便于抠图做贴纸），颜色明快饱和，浅色干净背景，主体居中。

【角色锁定】【角色锁定·Q版大肥鱼】Q版蓝色鲸鱼娘，约三头身的圆润比例，大头小身材，整体轮廓柔软饱满。
头发以深海蓝为主色，从发根深蓝渐变到发尾明亮海蓝与浅青蓝；额前层叠斜刘海，几束短发贴着圆脸向内弯，
头顶翘起一根弧形呆毛；后发浓密修长，从肩背两侧垂下，末端散成微卷波浪发束。
脸颊圆润，眼睛占脸部很大比例，深蓝外圈包亮蓝虹膜，瞳孔中有大小不同的白色与浅蓝高光；
鼻子小巧，双颊淡粉，嘴巴小而精致。头戴拱起的白色层叠蕾丝女仆发箍，发箍两侧各系一枚亮蓝色小蝴蝶结；
头侧一对向两边展开的鲸鱼鳍状耳朵，外侧深海蓝，内缘带白色波浪形褶边。
身后一条厚实深蓝色鲸尾，从腰后向侧面弯起，末端分成两片圆润尾鳍，下侧颜色渐浅并带一点蓝紫。
身穿深蓝与白色相间的女仆裙：内层白色高领衬衫有细密纵向褶裥和深色纽扣，领口系深蓝蝴蝶结，
中央是一颗金边镶嵌的椭圆蓝宝石；外层深蓝短上衣收在腰间，泡泡袖，袖口露出白色蕾丝；
腰前宽大白色围裙，边缘一圈细密荷叶边，正中印有小蓝鲸与水花图案；深蓝短裙向外撑开，
裙摆下叠多层白色花边，裙面与袖口点缀细小金色十字星、针脚与浅金色蝴蝶结。
腿上白色花边短袜，脚上圆头深蓝色玛丽珍鞋，鞋面各有一枚浅金色小蝴蝶结。
配色以深海蓝、钴蓝、浅海蓝与白色为主，少量金色勾勒细节。

【输出要求】只画一个角色、单幅画面：不要分栏、不要拼版、不要多视图并排、不要网格边框或格线、不要文字标注或箭头说明、不要水印、不要 UI 按钮或滚动条、不要角色设定表的版式。高度还原上述角色设计，画风为精致的日系动漫插画上色（干净的赛璐璐平涂 + 柔和渐变，清晰锐利的线稿）。"
C52,Q版·贴纸疑惑歪头,2048x2048,C52_Q版·贴纸疑惑歪头.png,C52_Q版·贴纸疑惑歪头.jpg,W008+W005,"【本次任务】画一张表情贴纸：半身构图（从头顶到大腿中部），头歪向一侧，眉毛一高一低，眼睛睁大带问号般的困惑神情，嘴巴抿成小波浪线。角色朝向镜头。贴纸风格：人物外轮廓有一圈均匀醒目的白色描边（便于抠图做贴纸），颜色明快饱和，浅色干净背景，主体居中。

【角色锁定】【角色锁定·Q版大肥鱼】Q版蓝色鲸鱼娘，约三头身的圆润比例，大头小身材，整体轮廓柔软饱满。
头发以深海蓝为主色，从发根深蓝渐变到发尾明亮海蓝与浅青蓝；额前层叠斜刘海，几束短发贴着圆脸向内弯，
头顶翘起一根弧形呆毛；后发浓密修长，从肩背两侧垂下，末端散成微卷波浪发束。
脸颊圆润，眼睛占脸部很大比例，深蓝外圈包亮蓝虹膜，瞳孔中有大小不同的白色与浅蓝高光；
鼻子小巧，双颊淡粉，嘴巴小而精致。头戴拱起的白色层叠蕾丝女仆发箍，发箍两侧各系一枚亮蓝色小蝴蝶结；
头侧一对向两边展开的鲸鱼鳍状耳朵，外侧深海蓝，内缘带白色波浪形褶边。
身后一条厚实深蓝色鲸尾，从腰后向侧面弯起，末端分成两片圆润尾鳍，下侧颜色渐浅并带一点蓝紫。
身穿深蓝与白色相间的女仆裙：内层白色高领衬衫有细密纵向褶裥和深色纽扣，领口系深蓝蝴蝶结，
中央是一颗金边镶嵌的椭圆蓝宝石；外层深蓝短上衣收在腰间，泡泡袖，袖口露出白色蕾丝；
腰前宽大白色围裙，边缘一圈细密荷叶边，正中印有小蓝鲸与水花图案；深蓝短裙向外撑开，
裙摆下叠多层白色花边，裙面与袖口点缀细小金色十字星、针脚与浅金色蝴蝶结。
腿上白色花边短袜，脚上圆头深蓝色玛丽珍鞋，鞋面各有一枚浅金色小蝴蝶结。
配色以深海蓝、钴蓝、浅海蓝与白色为主，少量金色勾勒细节。

【输出要求】只画一个角色、单幅画面：不要分栏、不要拼版、不要多视图并排、不要网格边框或格线、不要文字标注或箭头说明、不要水印、不要 UI 按钮或滚动条、不要角色设定表的版式。高度还原上述角色设计，画风为精致的日系动漫插画上色（干净的赛璐璐平涂 + 柔和渐变，清晰锐利的线稿）。"
C53,成熟·贴纸微笑挥手,2048x2048,C53_成熟·贴纸微笑挥手.png,C53_成熟·贴纸微笑挥手.jpg,W019+W016,"【本次任务】画一张表情贴纸：半身构图（从头顶到大腿中部），一只手抬起在肩上方挥手打招呼，另一只手轻放胸前，微笑看着镜头，神情温柔。角色朝向镜头。贴纸风格：人物外轮廓有一圈均匀醒目的白色描边（便于抠图做贴纸），颜色明快饱和，浅色干净背景，主体居中。

【角色锁定】【角色锁定·成熟比例鲸鱼娘】成熟比例的蓝色鲸鱼娘，身形修长，腰线清晰，腿部比例较长，
头身比例接近成年女性角色。头发浓密，长度延伸到腰臀以下，发根深海蓝，发束中穿插钴蓝色光泽，
越靠近发尾越转为明亮海蓝与浅青蓝；长发从两肩向外铺开，末端形成层层波浪卷。
额前轻覆额头的侧分斜刘海，脸颊旁留着向内弯曲的短发，头顶一根细长呆毛自然向上弯起；
后脑上层头发编成一圈细辫，并在垂落长发之间系上蓝色蝴蝶结。
面部轮廓纤细柔和，眼睛呈明亮杏仁形，深蓝外圈包裹渐变至亮蓝的虹膜，点缀清晰浅色高光；
神情开朗亲切，眼尾自然舒展，嘴角扬起轻松真诚的笑容，脸颊带淡淡红晕。
头顶佩戴白色层叠蕾丝女仆发箍，两侧各有亮蓝色小蝴蝶结；头侧一对横向舒展的深蓝色鲸鱼鳍状耳朵，
鳍的内侧衬着白色波浪褶边。身穿深蓝与白色的精致女仆服：白色立领下系深蓝领结，
领结中央镶椭圆形蓝宝石与细金边；胸前是带纵向褶裥、纽扣和蕾丝边的白色布料，两肩有白色荷叶边肩饰；
深蓝色袖子微微蓬起，袖口收紧并露出白色花边。腰间贴合身形的深蓝色腰封，前面排列两行小巧金色纽扣。
深蓝色裙摆从腰部自然展开，长度落在小腿中段，线条优雅、垂坠适度，
裙摆叠层次分明的白色荷叶边与蕾丝，裙面点缀细小金色十字星与精致装饰线。
正面系白色围裙，下缘呈柔和波浪形并镶花边，靠近裙角处印有蓝色小鲸鱼图案；
背后系宽大的白色蝴蝶结，缎带顺着裙摆垂落。腰后伸出深海蓝色鲸尾，略带柔和光泽，向外下方延伸，
末端展开为两片宽大的尾鳍，鳍缘渐变成浅蓝色。双腿穿白色过膝长袜，袜口饰蕾丝与深蓝小蝴蝶结；
脚穿深蓝色圆头玛丽珍鞋，脚背横带配金色圆扣，鞋跟为稳重方形中跟。
整体以深海蓝、钴蓝、浅青蓝与白色为主，宝石蓝与少量金色用于精细装饰。

【输出要求】只画一个角色、单幅画面：不要分栏、不要拼版、不要多视图并排、不要网格边框或格线、不要文字标注或箭头说明、不要水印、不要 UI 按钮或滚动条、不要角色设定表的版式。高度还原上述角色设计，画风为精致的日系动漫插画上色（干净的赛璐璐平涂 + 柔和渐变，清晰锐利的线稿）。"
C54,成熟·贴纸眨眼比心,2048x2048,C54_成熟·贴纸眨眼比心.png,C54_成熟·贴纸眨眼比心.jpg,W019+W016,"【本次任务】画一张表情贴纸：半身构图（从头顶到大腿中部），一只手在脸侧比出心形，同时俏皮地眨一只眼，嘴角上扬带笑意。角色朝向镜头。贴纸风格：人物外轮廓有一圈均匀醒目的白色描边（便于抠图做贴纸），颜色明快饱和，浅色干净背景，主体居中。

【角色锁定】【角色锁定·成熟比例鲸鱼娘】成熟比例的蓝色鲸鱼娘，身形修长，腰线清晰，腿部比例较长，
头身比例接近成年女性角色。头发浓密，长度延伸到腰臀以下，发根深海蓝，发束中穿插钴蓝色光泽，
越靠近发尾越转为明亮海蓝与浅青蓝；长发从两肩向外铺开，末端形成层层波浪卷。
额前轻覆额头的侧分斜刘海，脸颊旁留着向内弯曲的短发，头顶一根细长呆毛自然向上弯起；
后脑上层头发编成一圈细辫，并在垂落长发之间系上蓝色蝴蝶结。
面部轮廓纤细柔和，眼睛呈明亮杏仁形，深蓝外圈包裹渐变至亮蓝的虹膜，点缀清晰浅色高光；
神情开朗亲切，眼尾自然舒展，嘴角扬起轻松真诚的笑容，脸颊带淡淡红晕。
头顶佩戴白色层叠蕾丝女仆发箍，两侧各有亮蓝色小蝴蝶结；头侧一对横向舒展的深蓝色鲸鱼鳍状耳朵，
鳍的内侧衬着白色波浪褶边。身穿深蓝与白色的精致女仆服：白色立领下系深蓝领结，
领结中央镶椭圆形蓝宝石与细金边；胸前是带纵向褶裥、纽扣和蕾丝边的白色布料，两肩有白色荷叶边肩饰；
深蓝色袖子微微蓬起，袖口收紧并露出白色花边。腰间贴合身形的深蓝色腰封，前面排列两行小巧金色纽扣。
深蓝色裙摆从腰部自然展开，长度落在小腿中段，线条优雅、垂坠适度，
裙摆叠层次分明的白色荷叶边与蕾丝，裙面点缀细小金色十字星与精致装饰线。
正面系白色围裙，下缘呈柔和波浪形并镶花边，靠近裙角处印有蓝色小鲸鱼图案；
背后系宽大的白色蝴蝶结，缎带顺着裙摆垂落。腰后伸出深海蓝色鲸尾，略带柔和光泽，向外下方延伸，
末端展开为两片宽大的尾鳍，鳍缘渐变成浅蓝色。双腿穿白色过膝长袜，袜口饰蕾丝与深蓝小蝴蝶结；
脚穿深蓝色圆头玛丽珍鞋，脚背横带配金色圆扣，鞋跟为稳重方形中跟。
整体以深海蓝、钴蓝、浅青蓝与白色为主，宝石蓝与少量金色用于精细装饰。

【输出要求】只画一个角色、单幅画面：不要分栏、不要拼版、不要多视图并排、不要网格边框或格线、不要文字标注或箭头说明、不要水印、不要 UI 按钮或滚动条、不要角色设定表的版式。高度还原上述角色设计，画风为精致的日系动漫插画上色（干净的赛璐璐平涂 + 柔和渐变，清晰锐利的线稿）。"
C55,成熟·贴纸无奈扶额,2048x2048,C55_成熟·贴纸无奈扶额.png,C55_成熟·贴纸无奈扶额.jpg,W019+W016,"【本次任务】画一张表情贴纸：半身构图（从头顶到大腿中部），一只手扶着额头，微微闭眼轻轻叹气，嘴角带一丝无奈的笑意，头略微低下。角色朝向镜头。贴纸风格：人物外轮廓有一圈均匀醒目的白色描边（便于抠图做贴纸），颜色明快饱和，浅色干净背景，主体居中。

【角色锁定】【角色锁定·成熟比例鲸鱼娘】成熟比例的蓝色鲸鱼娘，身形修长，腰线清晰，腿部比例较长，
头身比例接近成年女性角色。头发浓密，长度延伸到腰臀以下，发根深海蓝，发束中穿插钴蓝色光泽，
越靠近发尾越转为明亮海蓝与浅青蓝；长发从两肩向外铺开，末端形成层层波浪卷。
额前轻覆额头的侧分斜刘海，脸颊旁留着向内弯曲的短发，头顶一根细长呆毛自然向上弯起；
后脑上层头发编成一圈细辫，并在垂落长发之间系上蓝色蝴蝶结。
面部轮廓纤细柔和，眼睛呈明亮杏仁形，深蓝外圈包裹渐变至亮蓝的虹膜，点缀清晰浅色高光；
神情开朗亲切，眼尾自然舒展，嘴角扬起轻松真诚的笑容，脸颊带淡淡红晕。
头顶佩戴白色层叠蕾丝女仆发箍，两侧各有亮蓝色小蝴蝶结；头侧一对横向舒展的深蓝色鲸鱼鳍状耳朵，
鳍的内侧衬着白色波浪褶边。身穿深蓝与白色的精致女仆服：白色立领下系深蓝领结，
领结中央镶椭圆形蓝宝石与细金边；胸前是带纵向褶裥、纽扣和蕾丝边的白色布料，两肩有白色荷叶边肩饰；
深蓝色袖子微微蓬起，袖口收紧并露出白色花边。腰间贴合身形的深蓝色腰封，前面排列两行小巧金色纽扣。
深蓝色裙摆从腰部自然展开，长度落在小腿中段，线条优雅、垂坠适度，
裙摆叠层次分明的白色荷叶边与蕾丝，裙面点缀细小金色十字星与精致装饰线。
正面系白色围裙，下缘呈柔和波浪形并镶花边，靠近裙角处印有蓝色小鲸鱼图案；
背后系宽大的白色蝴蝶结，缎带顺着裙摆垂落。腰后伸出深海蓝色鲸尾，略带柔和光泽，向外下方延伸，
末端展开为两片宽大的尾鳍，鳍缘渐变成浅蓝色。双腿穿白色过膝长袜，袜口饰蕾丝与深蓝小蝴蝶结；
脚穿深蓝色圆头玛丽珍鞋，脚背横带配金色圆扣，鞋跟为稳重方形中跟。
整体以深海蓝、钴蓝、浅青蓝与白色为主，宝石蓝与少量金色用于精细装饰。

【输出要求】只画一个角色、单幅画面：不要分栏、不要拼版、不要多视图并排、不要网格边框或格线、不要文字标注或箭头说明、不要水印、不要 UI 按钮或滚动条、不要角色设定表的版式。高度还原上述角色设计，画风为精致的日系动漫插画上色（干净的赛璐璐平涂 + 柔和渐变，清晰锐利的线稿）。"
C56,Q版·氛围深海气泡,2048x2048,C56_Q版·氛围深海气泡.png,C56_Q版·氛围深海气泡.jpg,W005+W008,"【本次任务】画一张氛围插画：角色悬浮在幽深的深海之中，周围漂浮着大小不一的透明气泡与细小的光点，上方有微弱的阳光柱透过水面斜射下来，头发在水中轻轻飘散，神情安静好奇。构图完整、角色全身或大半身入画（必须含鞋与鲸尾），背景细节丰富但不要压过角色。画面中不得出现任何文字、字幕、水印或界面元素。

【角色锁定】【角色锁定·Q版大肥鱼】Q版蓝色鲸鱼娘，约三头身的圆润比例，大头小身材，整体轮廓柔软饱满。
头发以深海蓝为主色，从发根深蓝渐变到发尾明亮海蓝与浅青蓝；额前层叠斜刘海，几束短发贴着圆脸向内弯，
头顶翘起一根弧形呆毛；后发浓密修长，从肩背两侧垂下，末端散成微卷波浪发束。
脸颊圆润，眼睛占脸部很大比例，深蓝外圈包亮蓝虹膜，瞳孔中有大小不同的白色与浅蓝高光；
鼻子小巧，双颊淡粉，嘴巴小而精致。头戴拱起的白色层叠蕾丝女仆发箍，发箍两侧各系一枚亮蓝色小蝴蝶结；
头侧一对向两边展开的鲸鱼鳍状耳朵，外侧深海蓝，内缘带白色波浪形褶边。
身后一条厚实深蓝色鲸尾，从腰后向侧面弯起，末端分成两片圆润尾鳍，下侧颜色渐浅并带一点蓝紫。
身穿深蓝与白色相间的女仆裙：内层白色高领衬衫有细密纵向褶裥和深色纽扣，领口系深蓝蝴蝶结，
中央是一颗金边镶嵌的椭圆蓝宝石；外层深蓝短上衣收在腰间，泡泡袖，袖口露出白色蕾丝；
腰前宽大白色围裙，边缘一圈细密荷叶边，正中印有小蓝鲸与水花图案；深蓝短裙向外撑开，
裙摆下叠多层白色花边，裙面与袖口点缀细小金色十字星、针脚与浅金色蝴蝶结。
腿上白色花边短袜，脚上圆头深蓝色玛丽珍鞋，鞋面各有一枚浅金色小蝴蝶结。
配色以深海蓝、钴蓝、浅海蓝与白色为主，少量金色勾勒细节。

【输出要求】只画一个角色、单幅画面：不要分栏、不要拼版、不要多视图并排、不要网格边框或格线、不要文字标注或箭头说明、不要水印、不要 UI 按钮或滚动条、不要角色设定表的版式。高度还原上述角色设计，画风为精致的日系动漫插画上色（干净的赛璐璐平涂 + 柔和渐变，清晰锐利的线稿）。"
C57,成熟·氛围深海气泡,1600x2400,C57_成熟·氛围深海气泡.png,C57_成熟·氛围深海气泡.jpg,W016+W019,"【本次任务】画一张氛围插画：角色悬浮在幽深的深海之中，周围漂浮着大小不一的透明气泡与细小的光点，上方有微弱的阳光柱透过水面斜射下来，头发在水中轻轻飘散，神情安静好奇。构图完整、角色全身或大半身入画（必须含鞋与鲸尾），背景细节丰富但不要压过角色。画面中不得出现任何文字、字幕、水印或界面元素。

【角色锁定】【角色锁定·成熟比例鲸鱼娘】成熟比例的蓝色鲸鱼娘，身形修长，腰线清晰，腿部比例较长，
头身比例接近成年女性角色。头发浓密，长度延伸到腰臀以下，发根深海蓝，发束中穿插钴蓝色光泽，
越靠近发尾越转为明亮海蓝与浅青蓝；长发从两肩向外铺开，末端形成层层波浪卷。
额前轻覆额头的侧分斜刘海，脸颊旁留着向内弯曲的短发，头顶一根细长呆毛自然向上弯起；
后脑上层头发编成一圈细辫，并在垂落长发之间系上蓝色蝴蝶结。
面部轮廓纤细柔和，眼睛呈明亮杏仁形，深蓝外圈包裹渐变至亮蓝的虹膜，点缀清晰浅色高光；
神情开朗亲切，眼尾自然舒展，嘴角扬起轻松真诚的笑容，脸颊带淡淡红晕。
头顶佩戴白色层叠蕾丝女仆发箍，两侧各有亮蓝色小蝴蝶结；头侧一对横向舒展的深蓝色鲸鱼鳍状耳朵，
鳍的内侧衬着白色波浪褶边。身穿深蓝与白色的精致女仆服：白色立领下系深蓝领结，
领结中央镶椭圆形蓝宝石与细金边；胸前是带纵向褶裥、纽扣和蕾丝边的白色布料，两肩有白色荷叶边肩饰；
深蓝色袖子微微蓬起，袖口收紧并露出白色花边。腰间贴合身形的深蓝色腰封，前面排列两行小巧金色纽扣。
深蓝色裙摆从腰部自然展开，长度落在小腿中段，线条优雅、垂坠适度，
裙摆叠层次分明的白色荷叶边与蕾丝，裙面点缀细小金色十字星与精致装饰线。
正面系白色围裙，下缘呈柔和波浪形并镶花边，靠近裙角处印有蓝色小鲸鱼图案；
背后系宽大的白色蝴蝶结，缎带顺着裙摆垂落。腰后伸出深海蓝色鲸尾，略带柔和光泽，向外下方延伸，
末端展开为两片宽大的尾鳍，鳍缘渐变成浅蓝色。双腿穿白色过膝长袜，袜口饰蕾丝与深蓝小蝴蝶结；
脚穿深蓝色圆头玛丽珍鞋，脚背横带配金色圆扣，鞋跟为稳重方形中跟。
整体以深海蓝、钴蓝、浅青蓝与白色为主，宝石蓝与少量金色用于精细装饰。

【输出要求】只画一个角色、单幅画面：不要分栏、不要拼版、不要多视图并排、不要网格边框或格线、不要文字标注或箭头说明、不要水印、不要 UI 按钮或滚动条、不要角色设定表的版式。高度还原上述角色设计，画风为精致的日系动漫插画上色（干净的赛璐璐平涂 + 柔和渐变，清晰锐利的线稿）。"
C58,Q版·氛围星空夜,2048x2048,C58_Q版·氛围星空夜.png,C58_Q版·氛围星空夜.jpg,W005+W008,"【本次任务】画一张氛围插画：角色站在星空下，身后是深蓝渐变的夜空与细碎的星点，一条淡淡的银河横过画面，她抬头望向星空，神情憧憬。构图完整、角色全身或大半身入画（必须含鞋与鲸尾），背景细节丰富但不要压过角色。画面中不得出现任何文字、字幕、水印或界面元素。

【角色锁定】【角色锁定·Q版大肥鱼】Q版蓝色鲸鱼娘，约三头身的圆润比例，大头小身材，整体轮廓柔软饱满。
头发以深海蓝为主色，从发根深蓝渐变到发尾明亮海蓝与浅青蓝；额前层叠斜刘海，几束短发贴着圆脸向内弯，
头顶翘起一根弧形呆毛；后发浓密修长，从肩背两侧垂下，末端散成微卷波浪发束。
脸颊圆润，眼睛占脸部很大比例，深蓝外圈包亮蓝虹膜，瞳孔中有大小不同的白色与浅蓝高光；
鼻子小巧，双颊淡粉，嘴巴小而精致。头戴拱起的白色层叠蕾丝女仆发箍，发箍两侧各系一枚亮蓝色小蝴蝶结；
头侧一对向两边展开的鲸鱼鳍状耳朵，外侧深海蓝，内缘带白色波浪形褶边。
身后一条厚实深蓝色鲸尾，从腰后向侧面弯起，末端分成两片圆润尾鳍，下侧颜色渐浅并带一点蓝紫。
身穿深蓝与白色相间的女仆裙：内层白色高领衬衫有细密纵向褶裥和深色纽扣，领口系深蓝蝴蝶结，
中央是一颗金边镶嵌的椭圆蓝宝石；外层深蓝短上衣收在腰间，泡泡袖，袖口露出白色蕾丝；
腰前宽大白色围裙，边缘一圈细密荷叶边，正中印有小蓝鲸与水花图案；深蓝短裙向外撑开，
裙摆下叠多层白色花边，裙面与袖口点缀细小金色十字星、针脚与浅金色蝴蝶结。
腿上白色花边短袜，脚上圆头深蓝色玛丽珍鞋，鞋面各有一枚浅金色小蝴蝶结。
配色以深海蓝、钴蓝、浅海蓝与白色为主，少量金色勾勒细节。

【输出要求】只画一个角色、单幅画面：不要分栏、不要拼版、不要多视图并排、不要网格边框或格线、不要文字标注或箭头说明、不要水印、不要 UI 按钮或滚动条、不要角色设定表的版式。高度还原上述角色设计，画风为精致的日系动漫插画上色（干净的赛璐璐平涂 + 柔和渐变，清晰锐利的线稿）。"
C59,成熟·氛围星空夜,1600x2400,C59_成熟·氛围星空夜.png,C59_成熟·氛围星空夜.jpg,W016+W019,"【本次任务】画一张氛围插画：角色站在星空下，身后是深蓝渐变的夜空与细碎的星点，一条淡淡的银河横过画面，她抬头望向星空，神情憧憬。构图完整、角色全身或大半身入画（必须含鞋与鲸尾），背景细节丰富但不要压过角色。画面中不得出现任何文字、字幕、水印或界面元素。

【角色锁定】【角色锁定·成熟比例鲸鱼娘】成熟比例的蓝色鲸鱼娘，身形修长，腰线清晰，腿部比例较长，
头身比例接近成年女性角色。头发浓密，长度延伸到腰臀以下，发根深海蓝，发束中穿插钴蓝色光泽，
越靠近发尾越转为明亮海蓝与浅青蓝；长发从两肩向外铺开，末端形成层层波浪卷。
额前轻覆额头的侧分斜刘海，脸颊旁留着向内弯曲的短发，头顶一根细长呆毛自然向上弯起；
后脑上层头发编成一圈细辫，并在垂落长发之间系上蓝色蝴蝶结。
面部轮廓纤细柔和，眼睛呈明亮杏仁形，深蓝外圈包裹渐变至亮蓝的虹膜，点缀清晰浅色高光；
神情开朗亲切，眼尾自然舒展，嘴角扬起轻松真诚的笑容，脸颊带淡淡红晕。
头顶佩戴白色层叠蕾丝女仆发箍，两侧各有亮蓝色小蝴蝶结；头侧一对横向舒展的深蓝色鲸鱼鳍状耳朵，
鳍的内侧衬着白色波浪褶边。身穿深蓝与白色的精致女仆服：白色立领下系深蓝领结，
领结中央镶椭圆形蓝宝石与细金边；胸前是带纵向褶裥、纽扣和蕾丝边的白色布料，两肩有白色荷叶边肩饰；
深蓝色袖子微微蓬起，袖口收紧并露出白色花边。腰间贴合身形的深蓝色腰封，前面排列两行小巧金色纽扣。
深蓝色裙摆从腰部自然展开，长度落在小腿中段，线条优雅、垂坠适度，
裙摆叠层次分明的白色荷叶边与蕾丝，裙面点缀细小金色十字星与精致装饰线。
正面系白色围裙，下缘呈柔和波浪形并镶花边，靠近裙角处印有蓝色小鲸鱼图案；
背后系宽大的白色蝴蝶结，缎带顺着裙摆垂落。腰后伸出深海蓝色鲸尾，略带柔和光泽，向外下方延伸，
末端展开为两片宽大的尾鳍，鳍缘渐变成浅蓝色。双腿穿白色过膝长袜，袜口饰蕾丝与深蓝小蝴蝶结；
脚穿深蓝色圆头玛丽珍鞋，脚背横带配金色圆扣，鞋跟为稳重方形中跟。
整体以深海蓝、钴蓝、浅青蓝与白色为主，宝石蓝与少量金色用于精细装饰。

【输出要求】只画一个角色、单幅画面：不要分栏、不要拼版、不要多视图并排、不要网格边框或格线、不要文字标注或箭头说明、不要水印、不要 UI 按钮或滚动条、不要角色设定表的版式。高度还原上述角色设计，画风为精致的日系动漫插画上色（干净的赛璐璐平涂 + 柔和渐变，清晰锐利的线稿）。"
C60,Q版·氛围雨天窗边,2048x2048,C60_Q版·氛围雨天窗边.png,C60_Q版·氛围雨天窗边.jpg,W005+W008,"【本次任务】画一张氛围插画：角色坐在窗边的桌前，窗外是下着雨的深蓝色夜景，玻璃上有雨痕与朦胧的城市灯光，室内有温暖的桌面小灯，她单手托腮看向窗外，神情恬静。构图完整、角色全身或大半身入画（必须含鞋与鲸尾），背景细节丰富但不要压过角色。画面中不得出现任何文字、字幕、水印或界面元素。

【角色锁定】【角色锁定·Q版大肥鱼】Q版蓝色鲸鱼娘，约三头身的圆润比例，大头小身材，整体轮廓柔软饱满。
头发以深海蓝为主色，从发根深蓝渐变到发尾明亮海蓝与浅青蓝；额前层叠斜刘海，几束短发贴着圆脸向内弯，
头顶翘起一根弧形呆毛；后发浓密修长，从肩背两侧垂下，末端散成微卷波浪发束。
脸颊圆润，眼睛占脸部很大比例，深蓝外圈包亮蓝虹膜，瞳孔中有大小不同的白色与浅蓝高光；
鼻子小巧，双颊淡粉，嘴巴小而精致。头戴拱起的白色层叠蕾丝女仆发箍，发箍两侧各系一枚亮蓝色小蝴蝶结；
头侧一对向两边展开的鲸鱼鳍状耳朵，外侧深海蓝，内缘带白色波浪形褶边。
身后一条厚实深蓝色鲸尾，从腰后向侧面弯起，末端分成两片圆润尾鳍，下侧颜色渐浅并带一点蓝紫。
身穿深蓝与白色相间的女仆裙：内层白色高领衬衫有细密纵向褶裥和深色纽扣，领口系深蓝蝴蝶结，
中央是一颗金边镶嵌的椭圆蓝宝石；外层深蓝短上衣收在腰间，泡泡袖，袖口露出白色蕾丝；
腰前宽大白色围裙，边缘一圈细密荷叶边，正中印有小蓝鲸与水花图案；深蓝短裙向外撑开，
裙摆下叠多层白色花边，裙面与袖口点缀细小金色十字星、针脚与浅金色蝴蝶结。
腿上白色花边短袜，脚上圆头深蓝色玛丽珍鞋，鞋面各有一枚浅金色小蝴蝶结。
配色以深海蓝、钴蓝、浅海蓝与白色为主，少量金色勾勒细节。

【输出要求】只画一个角色、单幅画面：不要分栏、不要拼版、不要多视图并排、不要网格边框或格线、不要文字标注或箭头说明、不要水印、不要 UI 按钮或滚动条、不要角色设定表的版式。高度还原上述角色设计，画风为精致的日系动漫插画上色（干净的赛璐璐平涂 + 柔和渐变，清晰锐利的线稿）。"
C61,成熟·氛围雨天窗边,1600x2400,C61_成熟·氛围雨天窗边.png,C61_成熟·氛围雨天窗边.jpg,W016+W019,"【本次任务】画一张氛围插画：角色坐在窗边的桌前，窗外是下着雨的深蓝色夜景，玻璃上有雨痕与朦胧的城市灯光，室内有温暖的桌面小灯，她单手托腮看向窗外，神情恬静。构图完整、角色全身或大半身入画（必须含鞋与鲸尾），背景细节丰富但不要压过角色。画面中不得出现任何文字、字幕、水印或界面元素。

【角色锁定】【角色锁定·成熟比例鲸鱼娘】成熟比例的蓝色鲸鱼娘，身形修长，腰线清晰，腿部比例较长，
头身比例接近成年女性角色。头发浓密，长度延伸到腰臀以下，发根深海蓝，发束中穿插钴蓝色光泽，
越靠近发尾越转为明亮海蓝与浅青蓝；长发从两肩向外铺开，末端形成层层波浪卷。
额前轻覆额头的侧分斜刘海，脸颊旁留着向内弯曲的短发，头顶一根细长呆毛自然向上弯起；
后脑上层头发编成一圈细辫，并在垂落长发之间系上蓝色蝴蝶结。
面部轮廓纤细柔和，眼睛呈明亮杏仁形，深蓝外圈包裹渐变至亮蓝的虹膜，点缀清晰浅色高光；
神情开朗亲切，眼尾自然舒展，嘴角扬起轻松真诚的笑容，脸颊带淡淡红晕。
头顶佩戴白色层叠蕾丝女仆发箍，两侧各有亮蓝色小蝴蝶结；头侧一对横向舒展的深蓝色鲸鱼鳍状耳朵，
鳍的内侧衬着白色波浪褶边。身穿深蓝与白色的精致女仆服：白色立领下系深蓝领结，
领结中央镶椭圆形蓝宝石与细金边；胸前是带纵向褶裥、纽扣和蕾丝边的白色布料，两肩有白色荷叶边肩饰；
深蓝色袖子微微蓬起，袖口收紧并露出白色花边。腰间贴合身形的深蓝色腰封，前面排列两行小巧金色纽扣。
深蓝色裙摆从腰部自然展开，长度落在小腿中段，线条优雅、垂坠适度，
裙摆叠层次分明的白色荷叶边与蕾丝，裙面点缀细小金色十字星与精致装饰线。
正面系白色围裙，下缘呈柔和波浪形并镶花边，靠近裙角处印有蓝色小鲸鱼图案；
背后系宽大的白色蝴蝶结，缎带顺着裙摆垂落。腰后伸出深海蓝色鲸尾，略带柔和光泽，向外下方延伸，
末端展开为两片宽大的尾鳍，鳍缘渐变成浅蓝色。双腿穿白色过膝长袜，袜口饰蕾丝与深蓝小蝴蝶结；
脚穿深蓝色圆头玛丽珍鞋，脚背横带配金色圆扣，鞋跟为稳重方形中跟。
整体以深海蓝、钴蓝、浅青蓝与白色为主，宝石蓝与少量金色用于精细装饰。

【输出要求】只画一个角色、单幅画面：不要分栏、不要拼版、不要多视图并排、不要网格边框或格线、不要文字标注或箭头说明、不要水印、不要 UI 按钮或滚动条、不要角色设定表的版式。高度还原上述角色设计，画风为精致的日系动漫插画上色（干净的赛璐璐平涂 + 柔和渐变，清晰锐利的线稿）。"
C62,Q版·氛围办公桌前,2048x2048,C62_Q版·氛围办公桌前.png,C62_Q版·氛围办公桌前.jpg,W005+W008,"【本次任务】画一张氛围插画：角色坐在办公桌前，面前是发着淡蓝光的显示器与键盘，桌上有马克杯与几本书，墙上贴着一张鲸鱼图案的便签，她正对着镜头开心地笑，像在欢迎你坐下。构图完整、角色全身或大半身入画（必须含鞋与鲸尾），背景细节丰富但不要压过角色。画面中不得出现任何文字、字幕、水印或界面元素。

【角色锁定】【角色锁定·Q版大肥鱼】Q版蓝色鲸鱼娘，约三头身的圆润比例，大头小身材，整体轮廓柔软饱满。
头发以深海蓝为主色，从发根深蓝渐变到发尾明亮海蓝与浅青蓝；额前层叠斜刘海，几束短发贴着圆脸向内弯，
头顶翘起一根弧形呆毛；后发浓密修长，从肩背两侧垂下，末端散成微卷波浪发束。
脸颊圆润，眼睛占脸部很大比例，深蓝外圈包亮蓝虹膜，瞳孔中有大小不同的白色与浅蓝高光；
鼻子小巧，双颊淡粉，嘴巴小而精致。头戴拱起的白色层叠蕾丝女仆发箍，发箍两侧各系一枚亮蓝色小蝴蝶结；
头侧一对向两边展开的鲸鱼鳍状耳朵，外侧深海蓝，内缘带白色波浪形褶边。
身后一条厚实深蓝色鲸尾，从腰后向侧面弯起，末端分成两片圆润尾鳍，下侧颜色渐浅并带一点蓝紫。
身穿深蓝与白色相间的女仆裙：内层白色高领衬衫有细密纵向褶裥和深色纽扣，领口系深蓝蝴蝶结，
中央是一颗金边镶嵌的椭圆蓝宝石；外层深蓝短上衣收在腰间，泡泡袖，袖口露出白色蕾丝；
腰前宽大白色围裙，边缘一圈细密荷叶边，正中印有小蓝鲸与水花图案；深蓝短裙向外撑开，
裙摆下叠多层白色花边，裙面与袖口点缀细小金色十字星、针脚与浅金色蝴蝶结。
腿上白色花边短袜，脚上圆头深蓝色玛丽珍鞋，鞋面各有一枚浅金色小蝴蝶结。
配色以深海蓝、钴蓝、浅海蓝与白色为主，少量金色勾勒细节。

【输出要求】只画一个角色、单幅画面：不要分栏、不要拼版、不要多视图并排、不要网格边框或格线、不要文字标注或箭头说明、不要水印、不要 UI 按钮或滚动条、不要角色设定表的版式。高度还原上述角色设计，画风为精致的日系动漫插画上色（干净的赛璐璐平涂 + 柔和渐变，清晰锐利的线稿）。"
C63,成熟·氛围办公桌前,1600x2400,C63_成熟·氛围办公桌前.png,C63_成熟·氛围办公桌前.jpg,W016+W019,"【本次任务】画一张氛围插画：角色坐在办公桌前，面前是发着淡蓝光的显示器与键盘，桌上有马克杯与几本书，墙上贴着一张鲸鱼图案的便签，她正对着镜头开心地笑，像在欢迎你坐下。构图完整、角色全身或大半身入画（必须含鞋与鲸尾），背景细节丰富但不要压过角色。画面中不得出现任何文字、字幕、水印或界面元素。

【角色锁定】【角色锁定·成熟比例鲸鱼娘】成熟比例的蓝色鲸鱼娘，身形修长，腰线清晰，腿部比例较长，
头身比例接近成年女性角色。头发浓密，长度延伸到腰臀以下，发根深海蓝，发束中穿插钴蓝色光泽，
越靠近发尾越转为明亮海蓝与浅青蓝；长发从两肩向外铺开，末端形成层层波浪卷。
额前轻覆额头的侧分斜刘海，脸颊旁留着向内弯曲的短发，头顶一根细长呆毛自然向上弯起；
后脑上层头发编成一圈细辫，并在垂落长发之间系上蓝色蝴蝶结。
面部轮廓纤细柔和，眼睛呈明亮杏仁形，深蓝外圈包裹渐变至亮蓝的虹膜，点缀清晰浅色高光；
神情开朗亲切，眼尾自然舒展，嘴角扬起轻松真诚的笑容，脸颊带淡淡红晕。
头顶佩戴白色层叠蕾丝女仆发箍，两侧各有亮蓝色小蝴蝶结；头侧一对横向舒展的深蓝色鲸鱼鳍状耳朵，
鳍的内侧衬着白色波浪褶边。身穿深蓝与白色的精致女仆服：白色立领下系深蓝领结，
领结中央镶椭圆形蓝宝石与细金边；胸前是带纵向褶裥、纽扣和蕾丝边的白色布料，两肩有白色荷叶边肩饰；
深蓝色袖子微微蓬起，袖口收紧并露出白色花边。腰间贴合身形的深蓝色腰封，前面排列两行小巧金色纽扣。
深蓝色裙摆从腰部自然展开，长度落在小腿中段，线条优雅、垂坠适度，
裙摆叠层次分明的白色荷叶边与蕾丝，裙面点缀细小金色十字星与精致装饰线。
正面系白色围裙，下缘呈柔和波浪形并镶花边，靠近裙角处印有蓝色小鲸鱼图案；
背后系宽大的白色蝴蝶结，缎带顺着裙摆垂落。腰后伸出深海蓝色鲸尾，略带柔和光泽，向外下方延伸，
末端展开为两片宽大的尾鳍，鳍缘渐变成浅蓝色。双腿穿白色过膝长袜，袜口饰蕾丝与深蓝小蝴蝶结；
脚穿深蓝色圆头玛丽珍鞋，脚背横带配金色圆扣，鞋跟为稳重方形中跟。
整体以深海蓝、钴蓝、浅青蓝与白色为主，宝石蓝与少量金色用于精细装饰。

【输出要求】只画一个角色、单幅画面：不要分栏、不要拼版、不要多视图并排、不要网格边框或格线、不要文字标注或箭头说明、不要水印、不要 UI 按钮或滚动条、不要角色设定表的版式。高度还原上述角色设计，画风为精致的日系动漫插画上色（干净的赛璐璐平涂 + 柔和渐变，清晰锐利的线稿）。"
C70,Q版·白底标准壁纸,2048x1152,C70_Q版·白底标准壁纸.png,C70_Q版·白底标准壁纸.jpg,W005+W008,"【本次任务】画一张横版壁纸：角色站在画面中央偏左，全身完整入画、自然站立、开心笑容，右侧留出大片干净的负空间便于放文字或图标。纯白背景，脚下淡淡落影。画面中不得出现任何文字、字幕、水印或界面文字。

【角色锁定】【角色锁定·Q版大肥鱼】Q版蓝色鲸鱼娘，约三头身的圆润比例，大头小身材，整体轮廓柔软饱满。
头发以深海蓝为主色，从发根深蓝渐变到发尾明亮海蓝与浅青蓝；额前层叠斜刘海，几束短发贴着圆脸向内弯，
头顶翘起一根弧形呆毛；后发浓密修长，从肩背两侧垂下，末端散成微卷波浪发束。
脸颊圆润，眼睛占脸部很大比例，深蓝外圈包亮蓝虹膜，瞳孔中有大小不同的白色与浅蓝高光；
鼻子小巧，双颊淡粉，嘴巴小而精致。头戴拱起的白色层叠蕾丝女仆发箍，发箍两侧各系一枚亮蓝色小蝴蝶结；
头侧一对向两边展开的鲸鱼鳍状耳朵，外侧深海蓝，内缘带白色波浪形褶边。
身后一条厚实深蓝色鲸尾，从腰后向侧面弯起，末端分成两片圆润尾鳍，下侧颜色渐浅并带一点蓝紫。
身穿深蓝与白色相间的女仆裙：内层白色高领衬衫有细密纵向褶裥和深色纽扣，领口系深蓝蝴蝶结，
中央是一颗金边镶嵌的椭圆蓝宝石；外层深蓝短上衣收在腰间，泡泡袖，袖口露出白色蕾丝；
腰前宽大白色围裙，边缘一圈细密荷叶边，正中印有小蓝鲸与水花图案；深蓝短裙向外撑开，
裙摆下叠多层白色花边，裙面与袖口点缀细小金色十字星、针脚与浅金色蝴蝶结。
腿上白色花边短袜，脚上圆头深蓝色玛丽珍鞋，鞋面各有一枚浅金色小蝴蝶结。
配色以深海蓝、钴蓝、浅海蓝与白色为主，少量金色勾勒细节。

【输出要求】只画一个角色、单幅画面：不要分栏、不要拼版、不要多视图并排、不要网格边框或格线、不要文字标注或箭头说明、不要水印、不要 UI 按钮或滚动条、不要角色设定表的版式。高度还原上述角色设计，画风为精致的日系动漫插画上色（干净的赛璐璐平涂 + 柔和渐变，清晰锐利的线稿）。"
C71,Q版·深海宽幅壁纸,2048x872,C71_Q版·深海宽幅壁纸.png,C71_Q版·深海宽幅壁纸.jpg,W005+W008,"【本次任务】画一张横版壁纸：角色悬浮在幽深的海水中，周围漂浮着大小不一的透明气泡与细小光点，上方有阳光柱斜射而下，头发在水中轻轻飘散，左下角留出干净负空间。画面中不得出现任何文字、字幕、水印或界面文字。

【角色锁定】【角色锁定·Q版大肥鱼】Q版蓝色鲸鱼娘，约三头身的圆润比例，大头小身材，整体轮廓柔软饱满。
头发以深海蓝为主色，从发根深蓝渐变到发尾明亮海蓝与浅青蓝；额前层叠斜刘海，几束短发贴着圆脸向内弯，
头顶翘起一根弧形呆毛；后发浓密修长，从肩背两侧垂下，末端散成微卷波浪发束。
脸颊圆润，眼睛占脸部很大比例，深蓝外圈包亮蓝虹膜，瞳孔中有大小不同的白色与浅蓝高光；
鼻子小巧，双颊淡粉，嘴巴小而精致。头戴拱起的白色层叠蕾丝女仆发箍，发箍两侧各系一枚亮蓝色小蝴蝶结；
头侧一对向两边展开的鲸鱼鳍状耳朵，外侧深海蓝，内缘带白色波浪形褶边。
身后一条厚实深蓝色鲸尾，从腰后向侧面弯起，末端分成两片圆润尾鳍，下侧颜色渐浅并带一点蓝紫。
身穿深蓝与白色相间的女仆裙：内层白色高领衬衫有细密纵向褶裥和深色纽扣，领口系深蓝蝴蝶结，
中央是一颗金边镶嵌的椭圆蓝宝石；外层深蓝短上衣收在腰间，泡泡袖，袖口露出白色蕾丝；
腰前宽大白色围裙，边缘一圈细密荷叶边，正中印有小蓝鲸与水花图案；深蓝短裙向外撑开，
裙摆下叠多层白色花边，裙面与袖口点缀细小金色十字星、针脚与浅金色蝴蝶结。
腿上白色花边短袜，脚上圆头深蓝色玛丽珍鞋，鞋面各有一枚浅金色小蝴蝶结。
配色以深海蓝、钴蓝、浅海蓝与白色为主，少量金色勾勒细节。

【输出要求】只画一个角色、单幅画面：不要分栏、不要拼版、不要多视图并排、不要网格边框或格线、不要文字标注或箭头说明、不要水印、不要 UI 按钮或滚动条、不要角色设定表的版式。高度还原上述角色设计，画风为精致的日系动漫插画上色（干净的赛璐璐平涂 + 柔和渐变，清晰锐利的线稿）。"
C72,成熟·白底标准壁纸,2048x1152,C72_成熟·白底标准壁纸.png,C72_成熟·白底标准壁纸.jpg,W016+W019,"【本次任务】画一张横版壁纸：角色站在画面中央偏左，全身完整入画、自然站立、双手轻叠身前、开朗微笑，右侧留出大片干净负空间。纯白背景，脚下淡淡落影。画面中不得出现任何文字、字幕、水印或界面文字。

【角色锁定】【角色锁定·成熟比例鲸鱼娘】成熟比例的蓝色鲸鱼娘，身形修长，腰线清晰，腿部比例较长，
头身比例接近成年女性角色。头发浓密，长度延伸到腰臀以下，发根深海蓝，发束中穿插钴蓝色光泽，
越靠近发尾越转为明亮海蓝与浅青蓝；长发从两肩向外铺开，末端形成层层波浪卷。
额前轻覆额头的侧分斜刘海，脸颊旁留着向内弯曲的短发，头顶一根细长呆毛自然向上弯起；
后脑上层头发编成一圈细辫，并在垂落长发之间系上蓝色蝴蝶结。
面部轮廓纤细柔和，眼睛呈明亮杏仁形，深蓝外圈包裹渐变至亮蓝的虹膜，点缀清晰浅色高光；
神情开朗亲切，眼尾自然舒展，嘴角扬起轻松真诚的笑容，脸颊带淡淡红晕。
头顶佩戴白色层叠蕾丝女仆发箍，两侧各有亮蓝色小蝴蝶结；头侧一对横向舒展的深蓝色鲸鱼鳍状耳朵，
鳍的内侧衬着白色波浪褶边。身穿深蓝与白色的精致女仆服：白色立领下系深蓝领结，
领结中央镶椭圆形蓝宝石与细金边；胸前是带纵向褶裥、纽扣和蕾丝边的白色布料，两肩有白色荷叶边肩饰；
深蓝色袖子微微蓬起，袖口收紧并露出白色花边。腰间贴合身形的深蓝色腰封，前面排列两行小巧金色纽扣。
深蓝色裙摆从腰部自然展开，长度落在小腿中段，线条优雅、垂坠适度，
裙摆叠层次分明的白色荷叶边与蕾丝，裙面点缀细小金色十字星与精致装饰线。
正面系白色围裙，下缘呈柔和波浪形并镶花边，靠近裙角处印有蓝色小鲸鱼图案；
背后系宽大的白色蝴蝶结，缎带顺着裙摆垂落。腰后伸出深海蓝色鲸尾，略带柔和光泽，向外下方延伸，
末端展开为两片宽大的尾鳍，鳍缘渐变成浅蓝色。双腿穿白色过膝长袜，袜口饰蕾丝与深蓝小蝴蝶结；
脚穿深蓝色圆头玛丽珍鞋，脚背横带配金色圆扣，鞋跟为稳重方形中跟。
整体以深海蓝、钴蓝、浅青蓝与白色为主，宝石蓝与少量金色用于精细装饰。

【输出要求】只画一个角色、单幅画面：不要分栏、不要拼版、不要多视图并排、不要网格边框或格线、不要文字标注或箭头说明、不要水印、不要 UI 按钮或滚动条、不要角色设定表的版式。高度还原上述角色设计，画风为精致的日系动漫插画上色（干净的赛璐璐平涂 + 柔和渐变，清晰锐利的线稿）。"
C73,成熟·星空宽幅壁纸,2048x872,C73_成熟·星空宽幅壁纸.png,C73_成熟·星空宽幅壁纸.jpg,W016+W019,"【本次任务】画一张横版壁纸：角色站在深蓝星空下，身后一条淡淡银河横过夜空与细碎星点，她微微抬头望向星空，右侧留出干净负空间。画面中不得出现任何文字、字幕、水印或界面文字。

【角色锁定】【角色锁定·成熟比例鲸鱼娘】成熟比例的蓝色鲸鱼娘，身形修长，腰线清晰，腿部比例较长，
头身比例接近成年女性角色。头发浓密，长度延伸到腰臀以下，发根深海蓝，发束中穿插钴蓝色光泽，
越靠近发尾越转为明亮海蓝与浅青蓝；长发从两肩向外铺开，末端形成层层波浪卷。
额前轻覆额头的侧分斜刘海，脸颊旁留着向内弯曲的短发，头顶一根细长呆毛自然向上弯起；
后脑上层头发编成一圈细辫，并在垂落长发之间系上蓝色蝴蝶结。
面部轮廓纤细柔和，眼睛呈明亮杏仁形，深蓝外圈包裹渐变至亮蓝的虹膜，点缀清晰浅色高光；
神情开朗亲切，眼尾自然舒展，嘴角扬起轻松真诚的笑容，脸颊带淡淡红晕。
头顶佩戴白色层叠蕾丝女仆发箍，两侧各有亮蓝色小蝴蝶结；头侧一对横向舒展的深蓝色鲸鱼鳍状耳朵，
鳍的内侧衬着白色波浪褶边。身穿深蓝与白色的精致女仆服：白色立领下系深蓝领结，
领结中央镶椭圆形蓝宝石与细金边；胸前是带纵向褶裥、纽扣和蕾丝边的白色布料，两肩有白色荷叶边肩饰；
深蓝色袖子微微蓬起，袖口收紧并露出白色花边。腰间贴合身形的深蓝色腰封，前面排列两行小巧金色纽扣。
深蓝色裙摆从腰部自然展开，长度落在小腿中段，线条优雅、垂坠适度，
裙摆叠层次分明的白色荷叶边与蕾丝，裙面点缀细小金色十字星与精致装饰线。
正面系白色围裙，下缘呈柔和波浪形并镶花边，靠近裙角处印有蓝色小鲸鱼图案；
背后系宽大的白色蝴蝶结，缎带顺着裙摆垂落。腰后伸出深海蓝色鲸尾，略带柔和光泽，向外下方延伸，
末端展开为两片宽大的尾鳍，鳍缘渐变成浅蓝色。双腿穿白色过膝长袜，袜口饰蕾丝与深蓝小蝴蝶结；
脚穿深蓝色圆头玛丽珍鞋，脚背横带配金色圆扣，鞋跟为稳重方形中跟。
整体以深海蓝、钴蓝、浅青蓝与白色为主，宝石蓝与少量金色用于精细装饰。

【输出要求】只画一个角色、单幅画面：不要分栏、不要拼版、不要多视图并排、不要网格边框或格线、不要文字标注或箭头说明、不要水印、不要 UI 按钮或滚动条、不要角色设定表的版式。高度还原上述角色设计，画风为精致的日系动漫插画上色（干净的赛璐璐平涂 + 柔和渐变，清晰锐利的线稿）。"
C74,双人·白底标准壁纸,2048x1152,C74_双人·白底标准壁纸.png,C74_双人·白底标准壁纸.jpg,W005+W016,"【本次任务】画一张横版壁纸：两位角色并排站在画面中央偏左，左侧是 Q 版、右侧是成熟比例，两人都全身完整入画并面朝镜头微笑，右侧留出大片干净负空间。纯白背景，脚下淡淡落影。画面中不得出现任何文字、字幕、水印或界面文字。

【角色锁定】【角色锁定·Q版大肥鱼】Q版蓝色鲸鱼娘，约三头身的圆润比例，大头小身材，整体轮廓柔软饱满。
头发以深海蓝为主色，从发根深蓝渐变到发尾明亮海蓝与浅青蓝；额前层叠斜刘海，几束短发贴着圆脸向内弯，
头顶翘起一根弧形呆毛；后发浓密修长，从肩背两侧垂下，末端散成微卷波浪发束。
脸颊圆润，眼睛占脸部很大比例，深蓝外圈包亮蓝虹膜，瞳孔中有大小不同的白色与浅蓝高光；
鼻子小巧，双颊淡粉，嘴巴小而精致。头戴拱起的白色层叠蕾丝女仆发箍，发箍两侧各系一枚亮蓝色小蝴蝶结；
头侧一对向两边展开的鲸鱼鳍状耳朵，外侧深海蓝，内缘带白色波浪形褶边。
身后一条厚实深蓝色鲸尾，从腰后向侧面弯起，末端分成两片圆润尾鳍，下侧颜色渐浅并带一点蓝紫。
身穿深蓝与白色相间的女仆裙：内层白色高领衬衫有细密纵向褶裥和深色纽扣，领口系深蓝蝴蝶结，
中央是一颗金边镶嵌的椭圆蓝宝石；外层深蓝短上衣收在腰间，泡泡袖，袖口露出白色蕾丝；
腰前宽大白色围裙，边缘一圈细密荷叶边，正中印有小蓝鲸与水花图案；深蓝短裙向外撑开，
裙摆下叠多层白色花边，裙面与袖口点缀细小金色十字星、针脚与浅金色蝴蝶结。
腿上白色花边短袜，脚上圆头深蓝色玛丽珍鞋，鞋面各有一枚浅金色小蝴蝶结。
配色以深海蓝、钴蓝、浅海蓝与白色为主，少量金色勾勒细节。

【角色锁定·成熟比例鲸鱼娘】成熟比例的蓝色鲸鱼娘，身形修长，腰线清晰，腿部比例较长，
头身比例接近成年女性角色。头发浓密，长度延伸到腰臀以下，发根深海蓝，发束中穿插钴蓝色光泽，
越靠近发尾越转为明亮海蓝与浅青蓝；长发从两肩向外铺开，末端形成层层波浪卷。
额前轻覆额头的侧分斜刘海，脸颊旁留着向内弯曲的短发，头顶一根细长呆毛自然向上弯起；
后脑上层头发编成一圈细辫，并在垂落长发之间系上蓝色蝴蝶结。
面部轮廓纤细柔和，眼睛呈明亮杏仁形，深蓝外圈包裹渐变至亮蓝的虹膜，点缀清晰浅色高光；
神情开朗亲切，眼尾自然舒展，嘴角扬起轻松真诚的笑容，脸颊带淡淡红晕。
头顶佩戴白色层叠蕾丝女仆发箍，两侧各有亮蓝色小蝴蝶结；头侧一对横向舒展的深蓝色鲸鱼鳍状耳朵，
鳍的内侧衬着白色波浪褶边。身穿深蓝与白色的精致女仆服：白色立领下系深蓝领结，
领结中央镶椭圆形蓝宝石与细金边；胸前是带纵向褶裥、纽扣和蕾丝边的白色布料，两肩有白色荷叶边肩饰；
深蓝色袖子微微蓬起，袖口收紧并露出白色花边。腰间贴合身形的深蓝色腰封，前面排列两行小巧金色纽扣。
深蓝色裙摆从腰部自然展开，长度落在小腿中段，线条优雅、垂坠适度，
裙摆叠层次分明的白色荷叶边与蕾丝，裙面点缀细小金色十字星与精致装饰线。
正面系白色围裙，下缘呈柔和波浪形并镶花边，靠近裙角处印有蓝色小鲸鱼图案；
背后系宽大的白色蝴蝶结，缎带顺着裙摆垂落。腰后伸出深海蓝色鲸尾，略带柔和光泽，向外下方延伸，
末端展开为两片宽大的尾鳍，鳍缘渐变成浅蓝色。双腿穿白色过膝长袜，袜口饰蕾丝与深蓝小蝴蝶结；
脚穿深蓝色圆头玛丽珍鞋，脚背横带配金色圆扣，鞋跟为稳重方形中跟。
整体以深海蓝、钴蓝、浅青蓝与白色为主，宝石蓝与少量金色用于精细装饰。

【输出要求】只画这两个角色、单幅画面（严禁出现第三个角色）：两人都要完整、比例正确、互不遮挡关键特征。不要分栏、不要拼版、不要多视图并排、不要网格边框或格线、不要文字标注或箭头说明、不要水印、不要 UI 按钮或滚动条、不要角色设定表的版式。高度还原上述两套角色设计，画风统一为精致的日系动漫插画上色（干净的赛璐璐平涂 + 柔和渐变，清晰锐利的线稿）。"
C75,双人·深海宽幅壁纸,2048x872,C75_双人·深海宽幅壁纸.png,C75_双人·深海宽幅壁纸.jpg,W005+W016,"【本次任务】画一张横版壁纸：两位角色一起悬浮在幽深海水中，四周漂浮气泡与光点、上方有阳光柱，左侧 Q 版、右侧成熟比例，右下角留出干净负空间。画面中不得出现任何文字、字幕、水印或界面文字。

【角色锁定】【角色锁定·Q版大肥鱼】Q版蓝色鲸鱼娘，约三头身的圆润比例，大头小身材，整体轮廓柔软饱满。
头发以深海蓝为主色，从发根深蓝渐变到发尾明亮海蓝与浅青蓝；额前层叠斜刘海，几束短发贴着圆脸向内弯，
头顶翘起一根弧形呆毛；后发浓密修长，从肩背两侧垂下，末端散成微卷波浪发束。
脸颊圆润，眼睛占脸部很大比例，深蓝外圈包亮蓝虹膜，瞳孔中有大小不同的白色与浅蓝高光；
鼻子小巧，双颊淡粉，嘴巴小而精致。头戴拱起的白色层叠蕾丝女仆发箍，发箍两侧各系一枚亮蓝色小蝴蝶结；
头侧一对向两边展开的鲸鱼鳍状耳朵，外侧深海蓝，内缘带白色波浪形褶边。
身后一条厚实深蓝色鲸尾，从腰后向侧面弯起，末端分成两片圆润尾鳍，下侧颜色渐浅并带一点蓝紫。
身穿深蓝与白色相间的女仆裙：内层白色高领衬衫有细密纵向褶裥和深色纽扣，领口系深蓝蝴蝶结，
中央是一颗金边镶嵌的椭圆蓝宝石；外层深蓝短上衣收在腰间，泡泡袖，袖口露出白色蕾丝；
腰前宽大白色围裙，边缘一圈细密荷叶边，正中印有小蓝鲸与水花图案；深蓝短裙向外撑开，
裙摆下叠多层白色花边，裙面与袖口点缀细小金色十字星、针脚与浅金色蝴蝶结。
腿上白色花边短袜，脚上圆头深蓝色玛丽珍鞋，鞋面各有一枚浅金色小蝴蝶结。
配色以深海蓝、钴蓝、浅海蓝与白色为主，少量金色勾勒细节。

【角色锁定·成熟比例鲸鱼娘】成熟比例的蓝色鲸鱼娘，身形修长，腰线清晰，腿部比例较长，
头身比例接近成年女性角色。头发浓密，长度延伸到腰臀以下，发根深海蓝，发束中穿插钴蓝色光泽，
越靠近发尾越转为明亮海蓝与浅青蓝；长发从两肩向外铺开，末端形成层层波浪卷。
额前轻覆额头的侧分斜刘海，脸颊旁留着向内弯曲的短发，头顶一根细长呆毛自然向上弯起；
后脑上层头发编成一圈细辫，并在垂落长发之间系上蓝色蝴蝶结。
面部轮廓纤细柔和，眼睛呈明亮杏仁形，深蓝外圈包裹渐变至亮蓝的虹膜，点缀清晰浅色高光；
神情开朗亲切，眼尾自然舒展，嘴角扬起轻松真诚的笑容，脸颊带淡淡红晕。
头顶佩戴白色层叠蕾丝女仆发箍，两侧各有亮蓝色小蝴蝶结；头侧一对横向舒展的深蓝色鲸鱼鳍状耳朵，
鳍的内侧衬着白色波浪褶边。身穿深蓝与白色的精致女仆服：白色立领下系深蓝领结，
领结中央镶椭圆形蓝宝石与细金边；胸前是带纵向褶裥、纽扣和蕾丝边的白色布料，两肩有白色荷叶边肩饰；
深蓝色袖子微微蓬起，袖口收紧并露出白色花边。腰间贴合身形的深蓝色腰封，前面排列两行小巧金色纽扣。
深蓝色裙摆从腰部自然展开，长度落在小腿中段，线条优雅、垂坠适度，
裙摆叠层次分明的白色荷叶边与蕾丝，裙面点缀细小金色十字星与精致装饰线。
正面系白色围裙，下缘呈柔和波浪形并镶花边，靠近裙角处印有蓝色小鲸鱼图案；
背后系宽大的白色蝴蝶结，缎带顺着裙摆垂落。腰后伸出深海蓝色鲸尾，略带柔和光泽，向外下方延伸，
末端展开为两片宽大的尾鳍，鳍缘渐变成浅蓝色。双腿穿白色过膝长袜，袜口饰蕾丝与深蓝小蝴蝶结；
脚穿深蓝色圆头玛丽珍鞋，脚背横带配金色圆扣，鞋跟为稳重方形中跟。
整体以深海蓝、钴蓝、浅青蓝与白色为主，宝石蓝与少量金色用于精细装饰。

【输出要求】只画这两个角色、单幅画面（严禁出现第三个角色）：两人都要完整、比例正确、互不遮挡关键特征。不要分栏、不要拼版、不要多视图并排、不要网格边框或格线、不要文字标注或箭头说明、不要水印、不要 UI 按钮或滚动条、不要角色设定表的版式。高度还原上述两套角色设计，画风统一为精致的日系动漫插画上色（干净的赛璐璐平涂 + 柔和渐变，清晰锐利的线稿）。"
C76,Q版·办公桌场景壁纸,2048x1152,C76_Q版·办公桌场景壁纸.png,C76_Q版·办公桌场景壁纸.jpg,W005+W008,"【本次任务】画一张横版壁纸：角色坐在办公桌前的椅子上对着镜头开心挥手，桌上有发着淡蓝光的显示器、键盘与马克杯，墙上贴着鲸鱼图案便签，背景是柔和的深蓝色调，画面左侧留出干净负空间。画面中不得出现任何文字、字幕、水印或界面文字。

【角色锁定】【角色锁定·Q版大肥鱼】Q版蓝色鲸鱼娘，约三头身的圆润比例，大头小身材，整体轮廓柔软饱满。
头发以深海蓝为主色，从发根深蓝渐变到发尾明亮海蓝与浅青蓝；额前层叠斜刘海，几束短发贴着圆脸向内弯，
头顶翘起一根弧形呆毛；后发浓密修长，从肩背两侧垂下，末端散成微卷波浪发束。
脸颊圆润，眼睛占脸部很大比例，深蓝外圈包亮蓝虹膜，瞳孔中有大小不同的白色与浅蓝高光；
鼻子小巧，双颊淡粉，嘴巴小而精致。头戴拱起的白色层叠蕾丝女仆发箍，发箍两侧各系一枚亮蓝色小蝴蝶结；
头侧一对向两边展开的鲸鱼鳍状耳朵，外侧深海蓝，内缘带白色波浪形褶边。
身后一条厚实深蓝色鲸尾，从腰后向侧面弯起，末端分成两片圆润尾鳍，下侧颜色渐浅并带一点蓝紫。
身穿深蓝与白色相间的女仆裙：内层白色高领衬衫有细密纵向褶裥和深色纽扣，领口系深蓝蝴蝶结，
中央是一颗金边镶嵌的椭圆蓝宝石；外层深蓝短上衣收在腰间，泡泡袖，袖口露出白色蕾丝；
腰前宽大白色围裙，边缘一圈细密荷叶边，正中印有小蓝鲸与水花图案；深蓝短裙向外撑开，
裙摆下叠多层白色花边，裙面与袖口点缀细小金色十字星、针脚与浅金色蝴蝶结。
腿上白色花边短袜，脚上圆头深蓝色玛丽珍鞋，鞋面各有一枚浅金色小蝴蝶结。
配色以深海蓝、钴蓝、浅海蓝与白色为主，少量金色勾勒细节。

【输出要求】只画一个角色、单幅画面：不要分栏、不要拼版、不要多视图并排、不要网格边框或格线、不要文字标注或箭头说明、不要水印、不要 UI 按钮或滚动条、不要角色设定表的版式。高度还原上述角色设计，画风为精致的日系动漫插画上色（干净的赛璐璐平涂 + 柔和渐变，清晰锐利的线稿）。"
C77,成熟·办公桌场景壁纸,2048x1152,C77_成熟·办公桌场景壁纸.png,C77_成熟·办公桌场景壁纸.jpg,W016+W019,"【本次任务】画一张横版壁纸：角色坐在办公桌前的椅子上对着镜头温柔微笑，桌上有发着淡蓝光的显示器、键盘与马克杯、几本书，墙上贴着鲸鱼图案便签，背景是柔和的深蓝色调，画面左侧留出干净负空间。画面中不得出现任何文字、字幕、水印或界面文字。

【角色锁定】【角色锁定·成熟比例鲸鱼娘】成熟比例的蓝色鲸鱼娘，身形修长，腰线清晰，腿部比例较长，
头身比例接近成年女性角色。头发浓密，长度延伸到腰臀以下，发根深海蓝，发束中穿插钴蓝色光泽，
越靠近发尾越转为明亮海蓝与浅青蓝；长发从两肩向外铺开，末端形成层层波浪卷。
额前轻覆额头的侧分斜刘海，脸颊旁留着向内弯曲的短发，头顶一根细长呆毛自然向上弯起；
后脑上层头发编成一圈细辫，并在垂落长发之间系上蓝色蝴蝶结。
面部轮廓纤细柔和，眼睛呈明亮杏仁形，深蓝外圈包裹渐变至亮蓝的虹膜，点缀清晰浅色高光；
神情开朗亲切，眼尾自然舒展，嘴角扬起轻松真诚的笑容，脸颊带淡淡红晕。
头顶佩戴白色层叠蕾丝女仆发箍，两侧各有亮蓝色小蝴蝶结；头侧一对横向舒展的深蓝色鲸鱼鳍状耳朵，
鳍的内侧衬着白色波浪褶边。身穿深蓝与白色的精致女仆服：白色立领下系深蓝领结，
领结中央镶椭圆形蓝宝石与细金边；胸前是带纵向褶裥、纽扣和蕾丝边的白色布料，两肩有白色荷叶边肩饰；
深蓝色袖子微微蓬起，袖口收紧并露出白色花边。腰间贴合身形的深蓝色腰封，前面排列两行小巧金色纽扣。
深蓝色裙摆从腰部自然展开，长度落在小腿中段，线条优雅、垂坠适度，
裙摆叠层次分明的白色荷叶边与蕾丝，裙面点缀细小金色十字星与精致装饰线。
正面系白色围裙，下缘呈柔和波浪形并镶花边，靠近裙角处印有蓝色小鲸鱼图案；
背后系宽大的白色蝴蝶结，缎带顺着裙摆垂落。腰后伸出深海蓝色鲸尾，略带柔和光泽，向外下方延伸，
末端展开为两片宽大的尾鳍，鳍缘渐变成浅蓝色。双腿穿白色过膝长袜，袜口饰蕾丝与深蓝小蝴蝶结；
脚穿深蓝色圆头玛丽珍鞋，脚背横带配金色圆扣，鞋跟为稳重方形中跟。
整体以深海蓝、钴蓝、浅青蓝与白色为主，宝石蓝与少量金色用于精细装饰。

【输出要求】只画一个角色、单幅画面：不要分栏、不要拼版、不要多视图并排、不要网格边框或格线、不要文字标注或箭头说明、不要水印、不要 UI 按钮或滚动条、不要角色设定表的版式。高度还原上述角色设计，画风为精致的日系动漫插画上色（干净的赛璐璐平涂 + 柔和渐变，清晰锐利的线稿）。"
C78,Q版·表情困倦,2048x2048,C78_Q版·表情困倦.png,C78_Q版·表情困倦.jpg,W005+W008,"【本次任务】画一张胸像特写（从头顶到胸口上方）：表情为困倦：眼睛半闭、张嘴打一个小哈欠、一只手轻揉眼睛，头微微歪着，睡意朦胧。正对镜头，浅景深，纯白背景。

【角色锁定】【角色锁定·Q版大肥鱼】Q版蓝色鲸鱼娘，约三头身的圆润比例，大头小身材，整体轮廓柔软饱满。
头发以深海蓝为主色，从发根深蓝渐变到发尾明亮海蓝与浅青蓝；额前层叠斜刘海，几束短发贴着圆脸向内弯，
头顶翘起一根弧形呆毛；后发浓密修长，从肩背两侧垂下，末端散成微卷波浪发束。
脸颊圆润，眼睛占脸部很大比例，深蓝外圈包亮蓝虹膜，瞳孔中有大小不同的白色与浅蓝高光；
鼻子小巧，双颊淡粉，嘴巴小而精致。头戴拱起的白色层叠蕾丝女仆发箍，发箍两侧各系一枚亮蓝色小蝴蝶结；
头侧一对向两边展开的鲸鱼鳍状耳朵，外侧深海蓝，内缘带白色波浪形褶边。
身后一条厚实深蓝色鲸尾，从腰后向侧面弯起，末端分成两片圆润尾鳍，下侧颜色渐浅并带一点蓝紫。
身穿深蓝与白色相间的女仆裙：内层白色高领衬衫有细密纵向褶裥和深色纽扣，领口系深蓝蝴蝶结，
中央是一颗金边镶嵌的椭圆蓝宝石；外层深蓝短上衣收在腰间，泡泡袖，袖口露出白色蕾丝；
腰前宽大白色围裙，边缘一圈细密荷叶边，正中印有小蓝鲸与水花图案；深蓝短裙向外撑开，
裙摆下叠多层白色花边，裙面与袖口点缀细小金色十字星、针脚与浅金色蝴蝶结。
腿上白色花边短袜，脚上圆头深蓝色玛丽珍鞋，鞋面各有一枚浅金色小蝴蝶结。
配色以深海蓝、钴蓝、浅海蓝与白色为主，少量金色勾勒细节。

【输出要求】只画一个角色、单幅画面：不要分栏、不要拼版、不要多视图并排、不要网格边框或格线、不要文字标注或箭头说明、不要水印、不要 UI 按钮或滚动条、不要角色设定表的版式。高度还原上述角色设计，画风为精致的日系动漫插画上色（干净的赛璐璐平涂 + 柔和渐变，清晰锐利的线稿）。"
C79,成熟·表情困倦,2048x2048,C79_成熟·表情困倦.png,C79_成熟·表情困倦.jpg,W016+W019,"【本次任务】画一张胸像特写（从头顶到胸口上方）：表情为困倦：眼睛半闭、张嘴打一个小哈欠、一只手轻揉眼睛，头微微歪着，睡意朦胧。正对镜头，浅景深，纯白背景。

【角色锁定】【角色锁定·成熟比例鲸鱼娘】成熟比例的蓝色鲸鱼娘，身形修长，腰线清晰，腿部比例较长，
头身比例接近成年女性角色。头发浓密，长度延伸到腰臀以下，发根深海蓝，发束中穿插钴蓝色光泽，
越靠近发尾越转为明亮海蓝与浅青蓝；长发从两肩向外铺开，末端形成层层波浪卷。
额前轻覆额头的侧分斜刘海，脸颊旁留着向内弯曲的短发，头顶一根细长呆毛自然向上弯起；
后脑上层头发编成一圈细辫，并在垂落长发之间系上蓝色蝴蝶结。
面部轮廓纤细柔和，眼睛呈明亮杏仁形，深蓝外圈包裹渐变至亮蓝的虹膜，点缀清晰浅色高光；
神情开朗亲切，眼尾自然舒展，嘴角扬起轻松真诚的笑容，脸颊带淡淡红晕。
头顶佩戴白色层叠蕾丝女仆发箍，两侧各有亮蓝色小蝴蝶结；头侧一对横向舒展的深蓝色鲸鱼鳍状耳朵，
鳍的内侧衬着白色波浪褶边。身穿深蓝与白色的精致女仆服：白色立领下系深蓝领结，
领结中央镶椭圆形蓝宝石与细金边；胸前是带纵向褶裥、纽扣和蕾丝边的白色布料，两肩有白色荷叶边肩饰；
深蓝色袖子微微蓬起，袖口收紧并露出白色花边。腰间贴合身形的深蓝色腰封，前面排列两行小巧金色纽扣。
深蓝色裙摆从腰部自然展开，长度落在小腿中段，线条优雅、垂坠适度，
裙摆叠层次分明的白色荷叶边与蕾丝，裙面点缀细小金色十字星与精致装饰线。
正面系白色围裙，下缘呈柔和波浪形并镶花边，靠近裙角处印有蓝色小鲸鱼图案；
背后系宽大的白色蝴蝶结，缎带顺着裙摆垂落。腰后伸出深海蓝色鲸尾，略带柔和光泽，向外下方延伸，
末端展开为两片宽大的尾鳍，鳍缘渐变成浅蓝色。双腿穿白色过膝长袜，袜口饰蕾丝与深蓝小蝴蝶结；
脚穿深蓝色圆头玛丽珍鞋，脚背横带配金色圆扣，鞋跟为稳重方形中跟。
整体以深海蓝、钴蓝、浅青蓝与白色为主，宝石蓝与少量金色用于精细装饰。

【输出要求】只画一个角色、单幅画面：不要分栏、不要拼版、不要多视图并排、不要网格边框或格线、不要文字标注或箭头说明、不要水印、不要 UI 按钮或滚动条、不要角色设定表的版式。高度还原上述角色设计，画风为精致的日系动漫插画上色（干净的赛璐璐平涂 + 柔和渐变，清晰锐利的线稿）。"
C80,Q版·表情感动哭,2048x2048,C80_Q版·表情感动哭.png,C80_Q版·表情感动哭.jpg,W005+W008,"【本次任务】画一张胸像特写（从头顶到胸口上方）：表情为感动落泪：眼眶含泪、眼睛亮晶晶、嘴角上扬带着又哭又笑的表情，双颊泛红。正对镜头，浅景深，纯白背景。

【角色锁定】【角色锁定·Q版大肥鱼】Q版蓝色鲸鱼娘，约三头身的圆润比例，大头小身材，整体轮廓柔软饱满。
头发以深海蓝为主色，从发根深蓝渐变到发尾明亮海蓝与浅青蓝；额前层叠斜刘海，几束短发贴着圆脸向内弯，
头顶翘起一根弧形呆毛；后发浓密修长，从肩背两侧垂下，末端散成微卷波浪发束。
脸颊圆润，眼睛占脸部很大比例，深蓝外圈包亮蓝虹膜，瞳孔中有大小不同的白色与浅蓝高光；
鼻子小巧，双颊淡粉，嘴巴小而精致。头戴拱起的白色层叠蕾丝女仆发箍，发箍两侧各系一枚亮蓝色小蝴蝶结；
头侧一对向两边展开的鲸鱼鳍状耳朵，外侧深海蓝，内缘带白色波浪形褶边。
身后一条厚实深蓝色鲸尾，从腰后向侧面弯起，末端分成两片圆润尾鳍，下侧颜色渐浅并带一点蓝紫。
身穿深蓝与白色相间的女仆裙：内层白色高领衬衫有细密纵向褶裥和深色纽扣，领口系深蓝蝴蝶结，
中央是一颗金边镶嵌的椭圆蓝宝石；外层深蓝短上衣收在腰间，泡泡袖，袖口露出白色蕾丝；
腰前宽大白色围裙，边缘一圈细密荷叶边，正中印有小蓝鲸与水花图案；深蓝短裙向外撑开，
裙摆下叠多层白色花边，裙面与袖口点缀细小金色十字星、针脚与浅金色蝴蝶结。
腿上白色花边短袜，脚上圆头深蓝色玛丽珍鞋，鞋面各有一枚浅金色小蝴蝶结。
配色以深海蓝、钴蓝、浅海蓝与白色为主，少量金色勾勒细节。

【输出要求】只画一个角色、单幅画面：不要分栏、不要拼版、不要多视图并排、不要网格边框或格线、不要文字标注或箭头说明、不要水印、不要 UI 按钮或滚动条、不要角色设定表的版式。高度还原上述角色设计，画风为精致的日系动漫插画上色（干净的赛璐璐平涂 + 柔和渐变，清晰锐利的线稿）。"
C81,成熟·表情感动哭,2048x2048,C81_成熟·表情感动哭.png,C81_成熟·表情感动哭.jpg,W016+W019,"【本次任务】画一张胸像特写（从头顶到胸口上方）：表情为感动落泪：眼眶含泪、眼睛亮晶晶、嘴角上扬带着又哭又笑的表情，双颊泛红。正对镜头，浅景深，纯白背景。

【角色锁定】【角色锁定·成熟比例鲸鱼娘】成熟比例的蓝色鲸鱼娘，身形修长，腰线清晰，腿部比例较长，
头身比例接近成年女性角色。头发浓密，长度延伸到腰臀以下，发根深海蓝，发束中穿插钴蓝色光泽，
越靠近发尾越转为明亮海蓝与浅青蓝；长发从两肩向外铺开，末端形成层层波浪卷。
额前轻覆额头的侧分斜刘海，脸颊旁留着向内弯曲的短发，头顶一根细长呆毛自然向上弯起；
后脑上层头发编成一圈细辫，并在垂落长发之间系上蓝色蝴蝶结。
面部轮廓纤细柔和，眼睛呈明亮杏仁形，深蓝外圈包裹渐变至亮蓝的虹膜，点缀清晰浅色高光；
神情开朗亲切，眼尾自然舒展，嘴角扬起轻松真诚的笑容，脸颊带淡淡红晕。
头顶佩戴白色层叠蕾丝女仆发箍，两侧各有亮蓝色小蝴蝶结；头侧一对横向舒展的深蓝色鲸鱼鳍状耳朵，
鳍的内侧衬着白色波浪褶边。身穿深蓝与白色的精致女仆服：白色立领下系深蓝领结，
领结中央镶椭圆形蓝宝石与细金边；胸前是带纵向褶裥、纽扣和蕾丝边的白色布料，两肩有白色荷叶边肩饰；
深蓝色袖子微微蓬起，袖口收紧并露出白色花边。腰间贴合身形的深蓝色腰封，前面排列两行小巧金色纽扣。
深蓝色裙摆从腰部自然展开，长度落在小腿中段，线条优雅、垂坠适度，
裙摆叠层次分明的白色荷叶边与蕾丝，裙面点缀细小金色十字星与精致装饰线。
正面系白色围裙，下缘呈柔和波浪形并镶花边，靠近裙角处印有蓝色小鲸鱼图案；
背后系宽大的白色蝴蝶结，缎带顺着裙摆垂落。腰后伸出深海蓝色鲸尾，略带柔和光泽，向外下方延伸，
末端展开为两片宽大的尾鳍，鳍缘渐变成浅蓝色。双腿穿白色过膝长袜，袜口饰蕾丝与深蓝小蝴蝶结；
脚穿深蓝色圆头玛丽珍鞋，脚背横带配金色圆扣，鞋跟为稳重方形中跟。
整体以深海蓝、钴蓝、浅青蓝与白色为主，宝石蓝与少量金色用于精细装饰。

【输出要求】只画一个角色、单幅画面：不要分栏、不要拼版、不要多视图并排、不要网格边框或格线、不要文字标注或箭头说明、不要水印、不要 UI 按钮或滚动条、不要角色设定表的版式。高度还原上述角色设计，画风为精致的日系动漫插画上色（干净的赛璐璐平涂 + 柔和渐变，清晰锐利的线稿）。"
C82,Q版·表情得意,2048x2048,C82_Q版·表情得意.png,C82_Q版·表情得意.jpg,W005+W008,"【本次任务】画一张胸像特写（从头顶到胸口上方）：表情为得意：微微抬起下巴、闭上眼睛轻轻哼笑、一只手叉腰，神情骄傲自得。正对镜头，浅景深，纯白背景。

【角色锁定】【角色锁定·Q版大肥鱼】Q版蓝色鲸鱼娘，约三头身的圆润比例，大头小身材，整体轮廓柔软饱满。
头发以深海蓝为主色，从发根深蓝渐变到发尾明亮海蓝与浅青蓝；额前层叠斜刘海，几束短发贴着圆脸向内弯，
头顶翘起一根弧形呆毛；后发浓密修长，从肩背两侧垂下，末端散成微卷波浪发束。
脸颊圆润，眼睛占脸部很大比例，深蓝外圈包亮蓝虹膜，瞳孔中有大小不同的白色与浅蓝高光；
鼻子小巧，双颊淡粉，嘴巴小而精致。头戴拱起的白色层叠蕾丝女仆发箍，发箍两侧各系一枚亮蓝色小蝴蝶结；
头侧一对向两边展开的鲸鱼鳍状耳朵，外侧深海蓝，内缘带白色波浪形褶边。
身后一条厚实深蓝色鲸尾，从腰后向侧面弯起，末端分成两片圆润尾鳍，下侧颜色渐浅并带一点蓝紫。
身穿深蓝与白色相间的女仆裙：内层白色高领衬衫有细密纵向褶裥和深色纽扣，领口系深蓝蝴蝶结，
中央是一颗金边镶嵌的椭圆蓝宝石；外层深蓝短上衣收在腰间，泡泡袖，袖口露出白色蕾丝；
腰前宽大白色围裙，边缘一圈细密荷叶边，正中印有小蓝鲸与水花图案；深蓝短裙向外撑开，
裙摆下叠多层白色花边，裙面与袖口点缀细小金色十字星、针脚与浅金色蝴蝶结。
腿上白色花边短袜，脚上圆头深蓝色玛丽珍鞋，鞋面各有一枚浅金色小蝴蝶结。
配色以深海蓝、钴蓝、浅海蓝与白色为主，少量金色勾勒细节。

【输出要求】只画一个角色、单幅画面：不要分栏、不要拼版、不要多视图并排、不要网格边框或格线、不要文字标注或箭头说明、不要水印、不要 UI 按钮或滚动条、不要角色设定表的版式。高度还原上述角色设计，画风为精致的日系动漫插画上色（干净的赛璐璐平涂 + 柔和渐变，清晰锐利的线稿）。"
C83,成熟·表情得意,2048x2048,C83_成熟·表情得意.png,C83_成熟·表情得意.jpg,W016+W019,"【本次任务】画一张胸像特写（从头顶到胸口上方）：表情为得意：微微抬起下巴、闭上眼睛轻轻哼笑、一只手叉腰，神情骄傲自得。正对镜头，浅景深，纯白背景。

【角色锁定】【角色锁定·成熟比例鲸鱼娘】成熟比例的蓝色鲸鱼娘，身形修长，腰线清晰，腿部比例较长，
头身比例接近成年女性角色。头发浓密，长度延伸到腰臀以下，发根深海蓝，发束中穿插钴蓝色光泽，
越靠近发尾越转为明亮海蓝与浅青蓝；长发从两肩向外铺开，末端形成层层波浪卷。
额前轻覆额头的侧分斜刘海，脸颊旁留着向内弯曲的短发，头顶一根细长呆毛自然向上弯起；
后脑上层头发编成一圈细辫，并在垂落长发之间系上蓝色蝴蝶结。
面部轮廓纤细柔和，眼睛呈明亮杏仁形，深蓝外圈包裹渐变至亮蓝的虹膜，点缀清晰浅色高光；
神情开朗亲切，眼尾自然舒展，嘴角扬起轻松真诚的笑容，脸颊带淡淡红晕。
头顶佩戴白色层叠蕾丝女仆发箍，两侧各有亮蓝色小蝴蝶结；头侧一对横向舒展的深蓝色鲸鱼鳍状耳朵，
鳍的内侧衬着白色波浪褶边。身穿深蓝与白色的精致女仆服：白色立领下系深蓝领结，
领结中央镶椭圆形蓝宝石与细金边；胸前是带纵向褶裥、纽扣和蕾丝边的白色布料，两肩有白色荷叶边肩饰；
深蓝色袖子微微蓬起，袖口收紧并露出白色花边。腰间贴合身形的深蓝色腰封，前面排列两行小巧金色纽扣。
深蓝色裙摆从腰部自然展开，长度落在小腿中段，线条优雅、垂坠适度，
裙摆叠层次分明的白色荷叶边与蕾丝，裙面点缀细小金色十字星与精致装饰线。
正面系白色围裙，下缘呈柔和波浪形并镶花边，靠近裙角处印有蓝色小鲸鱼图案；
背后系宽大的白色蝴蝶结，缎带顺着裙摆垂落。腰后伸出深海蓝色鲸尾，略带柔和光泽，向外下方延伸，
末端展开为两片宽大的尾鳍，鳍缘渐变成浅蓝色。双腿穿白色过膝长袜，袜口饰蕾丝与深蓝小蝴蝶结；
脚穿深蓝色圆头玛丽珍鞋，脚背横带配金色圆扣，鞋跟为稳重方形中跟。
整体以深海蓝、钴蓝、浅青蓝与白色为主，宝石蓝与少量金色用于精细装饰。

【输出要求】只画一个角色、单幅画面：不要分栏、不要拼版、不要多视图并排、不要网格边框或格线、不要文字标注或箭头说明、不要水印、不要 UI 按钮或滚动条、不要角色设定表的版式。高度还原上述角色设计，画风为精致的日系动漫插画上色（干净的赛璐璐平涂 + 柔和渐变，清晰锐利的线稿）。"
C84,Q版·表情吃醋,2048x2048,C84_Q版·表情吃醋.png,C84_Q版·表情吃醋.jpg,W005+W008,"【本次任务】画一张胸像特写（从头顶到胸口上方）：表情为吃醋：鼓起腮帮子、眼睛斜向一侧不看镜头、眉头微微皱起，双手抱在胸前。正对镜头，浅景深，纯白背景。

【角色锁定】【角色锁定·Q版大肥鱼】Q版蓝色鲸鱼娘，约三头身的圆润比例，大头小身材，整体轮廓柔软饱满。
头发以深海蓝为主色，从发根深蓝渐变到发尾明亮海蓝与浅青蓝；额前层叠斜刘海，几束短发贴着圆脸向内弯，
头顶翘起一根弧形呆毛；后发浓密修长，从肩背两侧垂下，末端散成微卷波浪发束。
脸颊圆润，眼睛占脸部很大比例，深蓝外圈包亮蓝虹膜，瞳孔中有大小不同的白色与浅蓝高光；
鼻子小巧，双颊淡粉，嘴巴小而精致。头戴拱起的白色层叠蕾丝女仆发箍，发箍两侧各系一枚亮蓝色小蝴蝶结；
头侧一对向两边展开的鲸鱼鳍状耳朵，外侧深海蓝，内缘带白色波浪形褶边。
身后一条厚实深蓝色鲸尾，从腰后向侧面弯起，末端分成两片圆润尾鳍，下侧颜色渐浅并带一点蓝紫。
身穿深蓝与白色相间的女仆裙：内层白色高领衬衫有细密纵向褶裥和深色纽扣，领口系深蓝蝴蝶结，
中央是一颗金边镶嵌的椭圆蓝宝石；外层深蓝短上衣收在腰间，泡泡袖，袖口露出白色蕾丝；
腰前宽大白色围裙，边缘一圈细密荷叶边，正中印有小蓝鲸与水花图案；深蓝短裙向外撑开，
裙摆下叠多层白色花边，裙面与袖口点缀细小金色十字星、针脚与浅金色蝴蝶结。
腿上白色花边短袜，脚上圆头深蓝色玛丽珍鞋，鞋面各有一枚浅金色小蝴蝶结。
配色以深海蓝、钴蓝、浅海蓝与白色为主，少量金色勾勒细节。

【输出要求】只画一个角色、单幅画面：不要分栏、不要拼版、不要多视图并排、不要网格边框或格线、不要文字标注或箭头说明、不要水印、不要 UI 按钮或滚动条、不要角色设定表的版式。高度还原上述角色设计，画风为精致的日系动漫插画上色（干净的赛璐璐平涂 + 柔和渐变，清晰锐利的线稿）。"
C85,成熟·表情吃醋,2048x2048,C85_成熟·表情吃醋.png,C85_成熟·表情吃醋.jpg,W016+W019,"【本次任务】画一张胸像特写（从头顶到胸口上方）：表情为吃醋：鼓起腮帮子、眼睛斜向一侧不看镜头、眉头微微皱起，双手抱在胸前。正对镜头，浅景深，纯白背景。

【角色锁定】【角色锁定·成熟比例鲸鱼娘】成熟比例的蓝色鲸鱼娘，身形修长，腰线清晰，腿部比例较长，
头身比例接近成年女性角色。头发浓密，长度延伸到腰臀以下，发根深海蓝，发束中穿插钴蓝色光泽，
越靠近发尾越转为明亮海蓝与浅青蓝；长发从两肩向外铺开，末端形成层层波浪卷。
额前轻覆额头的侧分斜刘海，脸颊旁留着向内弯曲的短发，头顶一根细长呆毛自然向上弯起；
后脑上层头发编成一圈细辫，并在垂落长发之间系上蓝色蝴蝶结。
面部轮廓纤细柔和，眼睛呈明亮杏仁形，深蓝外圈包裹渐变至亮蓝的虹膜，点缀清晰浅色高光；
神情开朗亲切，眼尾自然舒展，嘴角扬起轻松真诚的笑容，脸颊带淡淡红晕。
头顶佩戴白色层叠蕾丝女仆发箍，两侧各有亮蓝色小蝴蝶结；头侧一对横向舒展的深蓝色鲸鱼鳍状耳朵，
鳍的内侧衬着白色波浪褶边。身穿深蓝与白色的精致女仆服：白色立领下系深蓝领结，
领结中央镶椭圆形蓝宝石与细金边；胸前是带纵向褶裥、纽扣和蕾丝边的白色布料，两肩有白色荷叶边肩饰；
深蓝色袖子微微蓬起，袖口收紧并露出白色花边。腰间贴合身形的深蓝色腰封，前面排列两行小巧金色纽扣。
深蓝色裙摆从腰部自然展开，长度落在小腿中段，线条优雅、垂坠适度，
裙摆叠层次分明的白色荷叶边与蕾丝，裙面点缀细小金色十字星与精致装饰线。
正面系白色围裙，下缘呈柔和波浪形并镶花边，靠近裙角处印有蓝色小鲸鱼图案；
背后系宽大的白色蝴蝶结，缎带顺着裙摆垂落。腰后伸出深海蓝色鲸尾，略带柔和光泽，向外下方延伸，
末端展开为两片宽大的尾鳍，鳍缘渐变成浅蓝色。双腿穿白色过膝长袜，袜口饰蕾丝与深蓝小蝴蝶结；
脚穿深蓝色圆头玛丽珍鞋，脚背横带配金色圆扣，鞋跟为稳重方形中跟。
整体以深海蓝、钴蓝、浅青蓝与白色为主，宝石蓝与少量金色用于精细装饰。

【输出要求】只画一个角色、单幅画面：不要分栏、不要拼版、不要多视图并排、不要网格边框或格线、不要文字标注或箭头说明、不要水印、不要 UI 按钮或滚动条、不要角色设定表的版式。高度还原上述角色设计，画风为精致的日系动漫插画上色（干净的赛璐璐平涂 + 柔和渐变，清晰锐利的线稿）。"
C86,双人·并排合影,2048x1152,C86_双人·并排合影.png,C86_双人·并排合影.jpg,W005+W016,"【本次任务】画一张双人插画：两位角色并排站在同一水平地面上、面朝镜头微笑，左侧 Q 版、右侧成熟比例，Q 版的身高大约到成熟角色的腰胸之间，比例关系正确。纯白背景，脚下淡淡落影。画面中不得出现任何文字、字幕或水印。

【角色锁定】【角色锁定·Q版大肥鱼】Q版蓝色鲸鱼娘，约三头身的圆润比例，大头小身材，整体轮廓柔软饱满。
头发以深海蓝为主色，从发根深蓝渐变到发尾明亮海蓝与浅青蓝；额前层叠斜刘海，几束短发贴着圆脸向内弯，
头顶翘起一根弧形呆毛；后发浓密修长，从肩背两侧垂下，末端散成微卷波浪发束。
脸颊圆润，眼睛占脸部很大比例，深蓝外圈包亮蓝虹膜，瞳孔中有大小不同的白色与浅蓝高光；
鼻子小巧，双颊淡粉，嘴巴小而精致。头戴拱起的白色层叠蕾丝女仆发箍，发箍两侧各系一枚亮蓝色小蝴蝶结；
头侧一对向两边展开的鲸鱼鳍状耳朵，外侧深海蓝，内缘带白色波浪形褶边。
身后一条厚实深蓝色鲸尾，从腰后向侧面弯起，末端分成两片圆润尾鳍，下侧颜色渐浅并带一点蓝紫。
身穿深蓝与白色相间的女仆裙：内层白色高领衬衫有细密纵向褶裥和深色纽扣，领口系深蓝蝴蝶结，
中央是一颗金边镶嵌的椭圆蓝宝石；外层深蓝短上衣收在腰间，泡泡袖，袖口露出白色蕾丝；
腰前宽大白色围裙，边缘一圈细密荷叶边，正中印有小蓝鲸与水花图案；深蓝短裙向外撑开，
裙摆下叠多层白色花边，裙面与袖口点缀细小金色十字星、针脚与浅金色蝴蝶结。
腿上白色花边短袜，脚上圆头深蓝色玛丽珍鞋，鞋面各有一枚浅金色小蝴蝶结。
配色以深海蓝、钴蓝、浅海蓝与白色为主，少量金色勾勒细节。

【角色锁定·成熟比例鲸鱼娘】成熟比例的蓝色鲸鱼娘，身形修长，腰线清晰，腿部比例较长，
头身比例接近成年女性角色。头发浓密，长度延伸到腰臀以下，发根深海蓝，发束中穿插钴蓝色光泽，
越靠近发尾越转为明亮海蓝与浅青蓝；长发从两肩向外铺开，末端形成层层波浪卷。
额前轻覆额头的侧分斜刘海，脸颊旁留着向内弯曲的短发，头顶一根细长呆毛自然向上弯起；
后脑上层头发编成一圈细辫，并在垂落长发之间系上蓝色蝴蝶结。
面部轮廓纤细柔和，眼睛呈明亮杏仁形，深蓝外圈包裹渐变至亮蓝的虹膜，点缀清晰浅色高光；
神情开朗亲切，眼尾自然舒展，嘴角扬起轻松真诚的笑容，脸颊带淡淡红晕。
头顶佩戴白色层叠蕾丝女仆发箍，两侧各有亮蓝色小蝴蝶结；头侧一对横向舒展的深蓝色鲸鱼鳍状耳朵，
鳍的内侧衬着白色波浪褶边。身穿深蓝与白色的精致女仆服：白色立领下系深蓝领结，
领结中央镶椭圆形蓝宝石与细金边；胸前是带纵向褶裥、纽扣和蕾丝边的白色布料，两肩有白色荷叶边肩饰；
深蓝色袖子微微蓬起，袖口收紧并露出白色花边。腰间贴合身形的深蓝色腰封，前面排列两行小巧金色纽扣。
深蓝色裙摆从腰部自然展开，长度落在小腿中段，线条优雅、垂坠适度，
裙摆叠层次分明的白色荷叶边与蕾丝，裙面点缀细小金色十字星与精致装饰线。
正面系白色围裙，下缘呈柔和波浪形并镶花边，靠近裙角处印有蓝色小鲸鱼图案；
背后系宽大的白色蝴蝶结，缎带顺着裙摆垂落。腰后伸出深海蓝色鲸尾，略带柔和光泽，向外下方延伸，
末端展开为两片宽大的尾鳍，鳍缘渐变成浅蓝色。双腿穿白色过膝长袜，袜口饰蕾丝与深蓝小蝴蝶结；
脚穿深蓝色圆头玛丽珍鞋，脚背横带配金色圆扣，鞋跟为稳重方形中跟。
整体以深海蓝、钴蓝、浅青蓝与白色为主，宝石蓝与少量金色用于精细装饰。

【输出要求】只画这两个角色、单幅画面（严禁出现第三个角色）：两人都要完整、比例正确、互不遮挡关键特征。不要分栏、不要拼版、不要多视图并排、不要网格边框或格线、不要文字标注或箭头说明、不要水印、不要 UI 按钮或滚动条、不要角色设定表的版式。高度还原上述两套角色设计，画风统一为精致的日系动漫插画上色（干净的赛璐璐平涂 + 柔和渐变，清晰锐利的线稿）。"
C87,双人·成熟抱起Q版,2048x2048,C87_双人·成熟抱起Q版.png,C87_双人·成熟抱起Q版.jpg,W005+W016,"【本次任务】画一张双人插画：成熟比例角色用双手把 Q 版角色抱起来抱在怀里，Q 版坐在她的手臂上开心地张嘴笑，成熟角色低头温柔地看着 Q 版。两人互动自然、肢体接触合理，不要出现多余的手臂或手指。纯白背景。画面中不得出现任何文字、字幕或水印。

【角色锁定】【角色锁定·Q版大肥鱼】Q版蓝色鲸鱼娘，约三头身的圆润比例，大头小身材，整体轮廓柔软饱满。
头发以深海蓝为主色，从发根深蓝渐变到发尾明亮海蓝与浅青蓝；额前层叠斜刘海，几束短发贴着圆脸向内弯，
头顶翘起一根弧形呆毛；后发浓密修长，从肩背两侧垂下，末端散成微卷波浪发束。
脸颊圆润，眼睛占脸部很大比例，深蓝外圈包亮蓝虹膜，瞳孔中有大小不同的白色与浅蓝高光；
鼻子小巧，双颊淡粉，嘴巴小而精致。头戴拱起的白色层叠蕾丝女仆发箍，发箍两侧各系一枚亮蓝色小蝴蝶结；
头侧一对向两边展开的鲸鱼鳍状耳朵，外侧深海蓝，内缘带白色波浪形褶边。
身后一条厚实深蓝色鲸尾，从腰后向侧面弯起，末端分成两片圆润尾鳍，下侧颜色渐浅并带一点蓝紫。
身穿深蓝与白色相间的女仆裙：内层白色高领衬衫有细密纵向褶裥和深色纽扣，领口系深蓝蝴蝶结，
中央是一颗金边镶嵌的椭圆蓝宝石；外层深蓝短上衣收在腰间，泡泡袖，袖口露出白色蕾丝；
腰前宽大白色围裙，边缘一圈细密荷叶边，正中印有小蓝鲸与水花图案；深蓝短裙向外撑开，
裙摆下叠多层白色花边，裙面与袖口点缀细小金色十字星、针脚与浅金色蝴蝶结。
腿上白色花边短袜，脚上圆头深蓝色玛丽珍鞋，鞋面各有一枚浅金色小蝴蝶结。
配色以深海蓝、钴蓝、浅海蓝与白色为主，少量金色勾勒细节。

【角色锁定·成熟比例鲸鱼娘】成熟比例的蓝色鲸鱼娘，身形修长，腰线清晰，腿部比例较长，
头身比例接近成年女性角色。头发浓密，长度延伸到腰臀以下，发根深海蓝，发束中穿插钴蓝色光泽，
越靠近发尾越转为明亮海蓝与浅青蓝；长发从两肩向外铺开，末端形成层层波浪卷。
额前轻覆额头的侧分斜刘海，脸颊旁留着向内弯曲的短发，头顶一根细长呆毛自然向上弯起；
后脑上层头发编成一圈细辫，并在垂落长发之间系上蓝色蝴蝶结。
面部轮廓纤细柔和，眼睛呈明亮杏仁形，深蓝外圈包裹渐变至亮蓝的虹膜，点缀清晰浅色高光；
神情开朗亲切，眼尾自然舒展，嘴角扬起轻松真诚的笑容，脸颊带淡淡红晕。
头顶佩戴白色层叠蕾丝女仆发箍，两侧各有亮蓝色小蝴蝶结；头侧一对横向舒展的深蓝色鲸鱼鳍状耳朵，
鳍的内侧衬着白色波浪褶边。身穿深蓝与白色的精致女仆服：白色立领下系深蓝领结，
领结中央镶椭圆形蓝宝石与细金边；胸前是带纵向褶裥、纽扣和蕾丝边的白色布料，两肩有白色荷叶边肩饰；
深蓝色袖子微微蓬起，袖口收紧并露出白色花边。腰间贴合身形的深蓝色腰封，前面排列两行小巧金色纽扣。
深蓝色裙摆从腰部自然展开，长度落在小腿中段，线条优雅、垂坠适度，
裙摆叠层次分明的白色荷叶边与蕾丝，裙面点缀细小金色十字星与精致装饰线。
正面系白色围裙，下缘呈柔和波浪形并镶花边，靠近裙角处印有蓝色小鲸鱼图案；
背后系宽大的白色蝴蝶结，缎带顺着裙摆垂落。腰后伸出深海蓝色鲸尾，略带柔和光泽，向外下方延伸，
末端展开为两片宽大的尾鳍，鳍缘渐变成浅蓝色。双腿穿白色过膝长袜，袜口饰蕾丝与深蓝小蝴蝶结；
脚穿深蓝色圆头玛丽珍鞋，脚背横带配金色圆扣，鞋跟为稳重方形中跟。
整体以深海蓝、钴蓝、浅青蓝与白色为主，宝石蓝与少量金色用于精细装饰。

【输出要求】只画这两个角色、单幅画面（严禁出现第三个角色）：两人都要完整、比例正确、互不遮挡关键特征。不要分栏、不要拼版、不要多视图并排、不要网格边框或格线、不要文字标注或箭头说明、不要水印、不要 UI 按钮或滚动条、不要角色设定表的版式。高度还原上述两套角色设计，画风统一为精致的日系动漫插画上色（干净的赛璐璐平涂 + 柔和渐变，清晰锐利的线稿）。"
C88,双人·背对背站立,2048x2048,C88_双人·背对背站立.png,C88_双人·背对背站立.jpg,W005+W016,"【本次任务】画一张双人插画：两位角色背对背站立：Q 版朝画面左侧、成熟比例朝画面右侧，两人的背部轻轻相靠，各自回头看向镜头微笑。纯白背景，脚下淡淡落影。画面中不得出现任何文字、字幕或水印。

【角色锁定】【角色锁定·Q版大肥鱼】Q版蓝色鲸鱼娘，约三头身的圆润比例，大头小身材，整体轮廓柔软饱满。
头发以深海蓝为主色，从发根深蓝渐变到发尾明亮海蓝与浅青蓝；额前层叠斜刘海，几束短发贴着圆脸向内弯，
头顶翘起一根弧形呆毛；后发浓密修长，从肩背两侧垂下，末端散成微卷波浪发束。
脸颊圆润，眼睛占脸部很大比例，深蓝外圈包亮蓝虹膜，瞳孔中有大小不同的白色与浅蓝高光；
鼻子小巧，双颊淡粉，嘴巴小而精致。头戴拱起的白色层叠蕾丝女仆发箍，发箍两侧各系一枚亮蓝色小蝴蝶结；
头侧一对向两边展开的鲸鱼鳍状耳朵，外侧深海蓝，内缘带白色波浪形褶边。
身后一条厚实深蓝色鲸尾，从腰后向侧面弯起，末端分成两片圆润尾鳍，下侧颜色渐浅并带一点蓝紫。
身穿深蓝与白色相间的女仆裙：内层白色高领衬衫有细密纵向褶裥和深色纽扣，领口系深蓝蝴蝶结，
中央是一颗金边镶嵌的椭圆蓝宝石；外层深蓝短上衣收在腰间，泡泡袖，袖口露出白色蕾丝；
腰前宽大白色围裙，边缘一圈细密荷叶边，正中印有小蓝鲸与水花图案；深蓝短裙向外撑开，
裙摆下叠多层白色花边，裙面与袖口点缀细小金色十字星、针脚与浅金色蝴蝶结。
腿上白色花边短袜，脚上圆头深蓝色玛丽珍鞋，鞋面各有一枚浅金色小蝴蝶结。
配色以深海蓝、钴蓝、浅海蓝与白色为主，少量金色勾勒细节。

【角色锁定·成熟比例鲸鱼娘】成熟比例的蓝色鲸鱼娘，身形修长，腰线清晰，腿部比例较长，
头身比例接近成年女性角色。头发浓密，长度延伸到腰臀以下，发根深海蓝，发束中穿插钴蓝色光泽，
越靠近发尾越转为明亮海蓝与浅青蓝；长发从两肩向外铺开，末端形成层层波浪卷。
额前轻覆额头的侧分斜刘海，脸颊旁留着向内弯曲的短发，头顶一根细长呆毛自然向上弯起；
后脑上层头发编成一圈细辫，并在垂落长发之间系上蓝色蝴蝶结。
面部轮廓纤细柔和，眼睛呈明亮杏仁形，深蓝外圈包裹渐变至亮蓝的虹膜，点缀清晰浅色高光；
神情开朗亲切，眼尾自然舒展，嘴角扬起轻松真诚的笑容，脸颊带淡淡红晕。
头顶佩戴白色层叠蕾丝女仆发箍，两侧各有亮蓝色小蝴蝶结；头侧一对横向舒展的深蓝色鲸鱼鳍状耳朵，
鳍的内侧衬着白色波浪褶边。身穿深蓝与白色的精致女仆服：白色立领下系深蓝领结，
领结中央镶椭圆形蓝宝石与细金边；胸前是带纵向褶裥、纽扣和蕾丝边的白色布料，两肩有白色荷叶边肩饰；
深蓝色袖子微微蓬起，袖口收紧并露出白色花边。腰间贴合身形的深蓝色腰封，前面排列两行小巧金色纽扣。
深蓝色裙摆从腰部自然展开，长度落在小腿中段，线条优雅、垂坠适度，
裙摆叠层次分明的白色荷叶边与蕾丝，裙面点缀细小金色十字星与精致装饰线。
正面系白色围裙，下缘呈柔和波浪形并镶花边，靠近裙角处印有蓝色小鲸鱼图案；
背后系宽大的白色蝴蝶结，缎带顺着裙摆垂落。腰后伸出深海蓝色鲸尾，略带柔和光泽，向外下方延伸，
末端展开为两片宽大的尾鳍，鳍缘渐变成浅蓝色。双腿穿白色过膝长袜，袜口饰蕾丝与深蓝小蝴蝶结；
脚穿深蓝色圆头玛丽珍鞋，脚背横带配金色圆扣，鞋跟为稳重方形中跟。
整体以深海蓝、钴蓝、浅青蓝与白色为主，宝石蓝与少量金色用于精细装饰。

【输出要求】只画这两个角色、单幅画面（严禁出现第三个角色）：两人都要完整、比例正确、互不遮挡关键特征。不要分栏、不要拼版、不要多视图并排、不要网格边框或格线、不要文字标注或箭头说明、不要水印、不要 UI 按钮或滚动条、不要角色设定表的版式。高度还原上述两套角色设计，画风统一为精致的日系动漫插画上色（干净的赛璐璐平涂 + 柔和渐变，清晰锐利的线稿）。"
C89,双人·一起在办公桌前,2048x2048,C89_双人·一起在办公桌前.png,C89_双人·一起在办公桌前.jpg,W005+W016,"【本次任务】画一张双人插画：两位角色一起坐在办公桌前：成熟比例坐在椅子上操作键盘，Q 版坐在桌面上晃着腿、手里捧着一个马克杯，两人都看向镜头开心地笑。桌上有显示器与鲸鱼图案便签，背景是柔和的深蓝色调。画面中不得出现任何文字、字幕或水印。

【角色锁定】【角色锁定·Q版大肥鱼】Q版蓝色鲸鱼娘，约三头身的圆润比例，大头小身材，整体轮廓柔软饱满。
头发以深海蓝为主色，从发根深蓝渐变到发尾明亮海蓝与浅青蓝；额前层叠斜刘海，几束短发贴着圆脸向内弯，
头顶翘起一根弧形呆毛；后发浓密修长，从肩背两侧垂下，末端散成微卷波浪发束。
脸颊圆润，眼睛占脸部很大比例，深蓝外圈包亮蓝虹膜，瞳孔中有大小不同的白色与浅蓝高光；
鼻子小巧，双颊淡粉，嘴巴小而精致。头戴拱起的白色层叠蕾丝女仆发箍，发箍两侧各系一枚亮蓝色小蝴蝶结；
头侧一对向两边展开的鲸鱼鳍状耳朵，外侧深海蓝，内缘带白色波浪形褶边。
身后一条厚实深蓝色鲸尾，从腰后向侧面弯起，末端分成两片圆润尾鳍，下侧颜色渐浅并带一点蓝紫。
身穿深蓝与白色相间的女仆裙：内层白色高领衬衫有细密纵向褶裥和深色纽扣，领口系深蓝蝴蝶结，
中央是一颗金边镶嵌的椭圆蓝宝石；外层深蓝短上衣收在腰间，泡泡袖，袖口露出白色蕾丝；
腰前宽大白色围裙，边缘一圈细密荷叶边，正中印有小蓝鲸与水花图案；深蓝短裙向外撑开，
裙摆下叠多层白色花边，裙面与袖口点缀细小金色十字星、针脚与浅金色蝴蝶结。
腿上白色花边短袜，脚上圆头深蓝色玛丽珍鞋，鞋面各有一枚浅金色小蝴蝶结。
配色以深海蓝、钴蓝、浅海蓝与白色为主，少量金色勾勒细节。

【角色锁定·成熟比例鲸鱼娘】成熟比例的蓝色鲸鱼娘，身形修长，腰线清晰，腿部比例较长，
头身比例接近成年女性角色。头发浓密，长度延伸到腰臀以下，发根深海蓝，发束中穿插钴蓝色光泽，
越靠近发尾越转为明亮海蓝与浅青蓝；长发从两肩向外铺开，末端形成层层波浪卷。
额前轻覆额头的侧分斜刘海，脸颊旁留着向内弯曲的短发，头顶一根细长呆毛自然向上弯起；
后脑上层头发编成一圈细辫，并在垂落长发之间系上蓝色蝴蝶结。
面部轮廓纤细柔和，眼睛呈明亮杏仁形，深蓝外圈包裹渐变至亮蓝的虹膜，点缀清晰浅色高光；
神情开朗亲切，眼尾自然舒展，嘴角扬起轻松真诚的笑容，脸颊带淡淡红晕。
头顶佩戴白色层叠蕾丝女仆发箍，两侧各有亮蓝色小蝴蝶结；头侧一对横向舒展的深蓝色鲸鱼鳍状耳朵，
鳍的内侧衬着白色波浪褶边。身穿深蓝与白色的精致女仆服：白色立领下系深蓝领结，
领结中央镶椭圆形蓝宝石与细金边；胸前是带纵向褶裥、纽扣和蕾丝边的白色布料，两肩有白色荷叶边肩饰；
深蓝色袖子微微蓬起，袖口收紧并露出白色花边。腰间贴合身形的深蓝色腰封，前面排列两行小巧金色纽扣。
深蓝色裙摆从腰部自然展开，长度落在小腿中段，线条优雅、垂坠适度，
裙摆叠层次分明的白色荷叶边与蕾丝，裙面点缀细小金色十字星与精致装饰线。
正面系白色围裙，下缘呈柔和波浪形并镶花边，靠近裙角处印有蓝色小鲸鱼图案；
背后系宽大的白色蝴蝶结，缎带顺着裙摆垂落。腰后伸出深海蓝色鲸尾，略带柔和光泽，向外下方延伸，
末端展开为两片宽大的尾鳍，鳍缘渐变成浅蓝色。双腿穿白色过膝长袜，袜口饰蕾丝与深蓝小蝴蝶结；
脚穿深蓝色圆头玛丽珍鞋，脚背横带配金色圆扣，鞋跟为稳重方形中跟。
整体以深海蓝、钴蓝、浅青蓝与白色为主，宝石蓝与少量金色用于精细装饰。

【输出要求】只画这两个角色、单幅画面（严禁出现第三个角色）：两人都要完整、比例正确、互不遮挡关键特征。不要分栏、不要拼版、不要多视图并排、不要网格边框或格线、不要文字标注或箭头说明、不要水印、不要 UI 按钮或滚动条、不要角色设定表的版式。高度还原上述两套角色设计，画风统一为精致的日系动漫插画上色（干净的赛璐璐平涂 + 柔和渐变，清晰锐利的线稿）。"
C90,Q版·姿势奔跑,2048x2048,C90_Q版·姿势奔跑.png,C90_Q版·姿势奔跑.jpg,W005,"【本次任务】画一张奔跑全身立绘：角色朝画面右前方奔跑，一条腿向前迈出、另一条腿向后蹬起，双臂自然摆动，头发与裙摆因奔跑向后飘起，脸上带着开心的笑容。全身完整入画（必须包含鞋子与鲸尾）。纯白背景，地面或身下有柔和落影。

【角色锁定】【角色锁定·Q版大肥鱼】Q版蓝色鲸鱼娘，约三头身的圆润比例，大头小身材，整体轮廓柔软饱满。
头发以深海蓝为主色，从发根深蓝渐变到发尾明亮海蓝与浅青蓝；额前层叠斜刘海，几束短发贴着圆脸向内弯，
头顶翘起一根弧形呆毛；后发浓密修长，从肩背两侧垂下，末端散成微卷波浪发束。
脸颊圆润，眼睛占脸部很大比例，深蓝外圈包亮蓝虹膜，瞳孔中有大小不同的白色与浅蓝高光；
鼻子小巧，双颊淡粉，嘴巴小而精致。头戴拱起的白色层叠蕾丝女仆发箍，发箍两侧各系一枚亮蓝色小蝴蝶结；
头侧一对向两边展开的鲸鱼鳍状耳朵，外侧深海蓝，内缘带白色波浪形褶边。
身后一条厚实深蓝色鲸尾，从腰后向侧面弯起，末端分成两片圆润尾鳍，下侧颜色渐浅并带一点蓝紫。
身穿深蓝与白色相间的女仆裙：内层白色高领衬衫有细密纵向褶裥和深色纽扣，领口系深蓝蝴蝶结，
中央是一颗金边镶嵌的椭圆蓝宝石；外层深蓝短上衣收在腰间，泡泡袖，袖口露出白色蕾丝；
腰前宽大白色围裙，边缘一圈细密荷叶边，正中印有小蓝鲸与水花图案；深蓝短裙向外撑开，
裙摆下叠多层白色花边，裙面与袖口点缀细小金色十字星、针脚与浅金色蝴蝶结。
腿上白色花边短袜，脚上圆头深蓝色玛丽珍鞋，鞋面各有一枚浅金色小蝴蝶结。
配色以深海蓝、钴蓝、浅海蓝与白色为主，少量金色勾勒细节。

【输出要求】只画一个角色、单幅画面：不要分栏、不要拼版、不要多视图并排、不要网格边框或格线、不要文字标注或箭头说明、不要水印、不要 UI 按钮或滚动条、不要角色设定表的版式。高度还原上述角色设计，画风为精致的日系动漫插画上色（干净的赛璐璐平涂 + 柔和渐变，清晰锐利的线稿）。"
C91,成熟·姿势奔跑,1600x2400,C91_成熟·姿势奔跑.png,C91_成熟·姿势奔跑.jpg,W016,"【本次任务】画一张奔跑全身立绘：角色朝画面右前方奔跑，一条腿向前迈出、另一条腿向后蹬起，双臂自然摆动，头发与裙摆因奔跑向后飘起，脸上带着开心的笑容。全身完整入画（必须包含鞋子与鲸尾）。纯白背景，地面或身下有柔和落影。

【角色锁定】【角色锁定·成熟比例鲸鱼娘】成熟比例的蓝色鲸鱼娘，身形修长，腰线清晰，腿部比例较长，
头身比例接近成年女性角色。头发浓密，长度延伸到腰臀以下，发根深海蓝，发束中穿插钴蓝色光泽，
越靠近发尾越转为明亮海蓝与浅青蓝；长发从两肩向外铺开，末端形成层层波浪卷。
额前轻覆额头的侧分斜刘海，脸颊旁留着向内弯曲的短发，头顶一根细长呆毛自然向上弯起；
后脑上层头发编成一圈细辫，并在垂落长发之间系上蓝色蝴蝶结。
面部轮廓纤细柔和，眼睛呈明亮杏仁形，深蓝外圈包裹渐变至亮蓝的虹膜，点缀清晰浅色高光；
神情开朗亲切，眼尾自然舒展，嘴角扬起轻松真诚的笑容，脸颊带淡淡红晕。
头顶佩戴白色层叠蕾丝女仆发箍，两侧各有亮蓝色小蝴蝶结；头侧一对横向舒展的深蓝色鲸鱼鳍状耳朵，
鳍的内侧衬着白色波浪褶边。身穿深蓝与白色的精致女仆服：白色立领下系深蓝领结，
领结中央镶椭圆形蓝宝石与细金边；胸前是带纵向褶裥、纽扣和蕾丝边的白色布料，两肩有白色荷叶边肩饰；
深蓝色袖子微微蓬起，袖口收紧并露出白色花边。腰间贴合身形的深蓝色腰封，前面排列两行小巧金色纽扣。
深蓝色裙摆从腰部自然展开，长度落在小腿中段，线条优雅、垂坠适度，
裙摆叠层次分明的白色荷叶边与蕾丝，裙面点缀细小金色十字星与精致装饰线。
正面系白色围裙，下缘呈柔和波浪形并镶花边，靠近裙角处印有蓝色小鲸鱼图案；
背后系宽大的白色蝴蝶结，缎带顺着裙摆垂落。腰后伸出深海蓝色鲸尾，略带柔和光泽，向外下方延伸，
末端展开为两片宽大的尾鳍，鳍缘渐变成浅蓝色。双腿穿白色过膝长袜，袜口饰蕾丝与深蓝小蝴蝶结；
脚穿深蓝色圆头玛丽珍鞋，脚背横带配金色圆扣，鞋跟为稳重方形中跟。
整体以深海蓝、钴蓝、浅青蓝与白色为主，宝石蓝与少量金色用于精细装饰。

【输出要求】只画一个角色、单幅画面：不要分栏、不要拼版、不要多视图并排、不要网格边框或格线、不要文字标注或箭头说明、不要水印、不要 UI 按钮或滚动条、不要角色设定表的版式。高度还原上述角色设计，画风为精致的日系动漫插画上色（干净的赛璐璐平涂 + 柔和渐变，清晰锐利的线稿）。"
C92,Q版·姿势跳跃,2048x2048,C92_Q版·姿势跳跃.png,C92_Q版·姿势跳跃.jpg,W005,"【本次任务】画一张跳跃全身立绘：角色双脚离地向上跳起，双臂向上张开，双腿在身后微微弯曲，头发与裙摆向上扬起，张嘴大笑，神情兴奋。全身完整入画（必须包含鞋子与鲸尾）。纯白背景，地面或身下有柔和落影。

【角色锁定】【角色锁定·Q版大肥鱼】Q版蓝色鲸鱼娘，约三头身的圆润比例，大头小身材，整体轮廓柔软饱满。
头发以深海蓝为主色，从发根深蓝渐变到发尾明亮海蓝与浅青蓝；额前层叠斜刘海，几束短发贴着圆脸向内弯，
头顶翘起一根弧形呆毛；后发浓密修长，从肩背两侧垂下，末端散成微卷波浪发束。
脸颊圆润，眼睛占脸部很大比例，深蓝外圈包亮蓝虹膜，瞳孔中有大小不同的白色与浅蓝高光；
鼻子小巧，双颊淡粉，嘴巴小而精致。头戴拱起的白色层叠蕾丝女仆发箍，发箍两侧各系一枚亮蓝色小蝴蝶结；
头侧一对向两边展开的鲸鱼鳍状耳朵，外侧深海蓝，内缘带白色波浪形褶边。
身后一条厚实深蓝色鲸尾，从腰后向侧面弯起，末端分成两片圆润尾鳍，下侧颜色渐浅并带一点蓝紫。
身穿深蓝与白色相间的女仆裙：内层白色高领衬衫有细密纵向褶裥和深色纽扣，领口系深蓝蝴蝶结，
中央是一颗金边镶嵌的椭圆蓝宝石；外层深蓝短上衣收在腰间，泡泡袖，袖口露出白色蕾丝；
腰前宽大白色围裙，边缘一圈细密荷叶边，正中印有小蓝鲸与水花图案；深蓝短裙向外撑开，
裙摆下叠多层白色花边，裙面与袖口点缀细小金色十字星、针脚与浅金色蝴蝶结。
腿上白色花边短袜，脚上圆头深蓝色玛丽珍鞋，鞋面各有一枚浅金色小蝴蝶结。
配色以深海蓝、钴蓝、浅海蓝与白色为主，少量金色勾勒细节。

【输出要求】只画一个角色、单幅画面：不要分栏、不要拼版、不要多视图并排、不要网格边框或格线、不要文字标注或箭头说明、不要水印、不要 UI 按钮或滚动条、不要角色设定表的版式。高度还原上述角色设计，画风为精致的日系动漫插画上色（干净的赛璐璐平涂 + 柔和渐变，清晰锐利的线稿）。"
C93,成熟·姿势跳跃,1600x2400,C93_成熟·姿势跳跃.png,C93_成熟·姿势跳跃.jpg,W016,"【本次任务】画一张跳跃全身立绘：角色双脚离地向上跳起，双臂向上张开，双腿在身后微微弯曲，头发与裙摆向上扬起，张嘴大笑，神情兴奋。全身完整入画（必须包含鞋子与鲸尾）。纯白背景，地面或身下有柔和落影。

【角色锁定】【角色锁定·成熟比例鲸鱼娘】成熟比例的蓝色鲸鱼娘，身形修长，腰线清晰，腿部比例较长，
头身比例接近成年女性角色。头发浓密，长度延伸到腰臀以下，发根深海蓝，发束中穿插钴蓝色光泽，
越靠近发尾越转为明亮海蓝与浅青蓝；长发从两肩向外铺开，末端形成层层波浪卷。
额前轻覆额头的侧分斜刘海，脸颊旁留着向内弯曲的短发，头顶一根细长呆毛自然向上弯起；
后脑上层头发编成一圈细辫，并在垂落长发之间系上蓝色蝴蝶结。
面部轮廓纤细柔和，眼睛呈明亮杏仁形，深蓝外圈包裹渐变至亮蓝的虹膜，点缀清晰浅色高光；
神情开朗亲切，眼尾自然舒展，嘴角扬起轻松真诚的笑容，脸颊带淡淡红晕。
头顶佩戴白色层叠蕾丝女仆发箍，两侧各有亮蓝色小蝴蝶结；头侧一对横向舒展的深蓝色鲸鱼鳍状耳朵，
鳍的内侧衬着白色波浪褶边。身穿深蓝与白色的精致女仆服：白色立领下系深蓝领结，
领结中央镶椭圆形蓝宝石与细金边；胸前是带纵向褶裥、纽扣和蕾丝边的白色布料，两肩有白色荷叶边肩饰；
深蓝色袖子微微蓬起，袖口收紧并露出白色花边。腰间贴合身形的深蓝色腰封，前面排列两行小巧金色纽扣。
深蓝色裙摆从腰部自然展开，长度落在小腿中段，线条优雅、垂坠适度，
裙摆叠层次分明的白色荷叶边与蕾丝，裙面点缀细小金色十字星与精致装饰线。
正面系白色围裙，下缘呈柔和波浪形并镶花边，靠近裙角处印有蓝色小鲸鱼图案；
背后系宽大的白色蝴蝶结，缎带顺着裙摆垂落。腰后伸出深海蓝色鲸尾，略带柔和光泽，向外下方延伸，
末端展开为两片宽大的尾鳍，鳍缘渐变成浅蓝色。双腿穿白色过膝长袜，袜口饰蕾丝与深蓝小蝴蝶结；
脚穿深蓝色圆头玛丽珍鞋，脚背横带配金色圆扣，鞋跟为稳重方形中跟。
整体以深海蓝、钴蓝、浅青蓝与白色为主，宝石蓝与少量金色用于精细装饰。

【输出要求】只画一个角色、单幅画面：不要分栏、不要拼版、不要多视图并排、不要网格边框或格线、不要文字标注或箭头说明、不要水印、不要 UI 按钮或滚动条、不要角色设定表的版式。高度还原上述角色设计，画风为精致的日系动漫插画上色（干净的赛璐璐平涂 + 柔和渐变，清晰锐利的线稿）。"
P1,成熟·正面全身高清重制,1024x1536,P1_成熟·正面全身高清重制.png,P1_成熟·正面全身高清重制.jpg,W016,"【本次任务】画一张单人正面全身立绘：角色自然站立，双臂自然垂放于身前、双手轻叠，正对镜头，面带开朗亲切的笑容，全身完整入画（必须包含鞋子）。背景为干净的纯白或极浅灰，脚下有淡淡的柔和落影。镜头为平视，人物居中，头顶与脚下各留少量余量。这是角色设定图用途，要求服装层次与配饰细节清晰可辨。

【角色锁定】【角色锁定·成熟比例鲸鱼娘】成熟比例的蓝色鲸鱼娘，身形修长，腰线清晰，腿部比例较长，
头身比例接近成年女性角色。头发浓密，长度延伸到腰臀以下，发根深海蓝，发束中穿插钴蓝色光泽，
越靠近发尾越转为明亮海蓝与浅青蓝；长发从两肩向外铺开，末端形成层层波浪卷。
额前轻覆额头的侧分斜刘海，脸颊旁留着向内弯曲的短发，头顶一根细长呆毛自然向上弯起；
后脑上层头发编成一圈细辫，并在垂落长发之间系上蓝色蝴蝶结。
面部轮廓纤细柔和，眼睛呈明亮杏仁形，深蓝外圈包裹渐变至亮蓝的虹膜，点缀清晰浅色高光；
神情开朗亲切，眼尾自然舒展，嘴角扬起轻松真诚的笑容，脸颊带淡淡红晕。
头顶佩戴白色层叠蕾丝女仆发箍，两侧各有亮蓝色小蝴蝶结；头侧一对横向舒展的深蓝色鲸鱼鳍状耳朵，
鳍的内侧衬着白色波浪褶边。身穿深蓝与白色的精致女仆服：白色立领下系深蓝领结，
领结中央镶椭圆形蓝宝石与细金边；胸前是带纵向褶裥、纽扣和蕾丝边的白色布料，两肩有白色荷叶边肩饰；
深蓝色袖子微微蓬起，袖口收紧并露出白色花边。腰间贴合身形的深蓝色腰封，前面排列两行小巧金色纽扣。
深蓝色裙摆从腰部自然展开，长度落在小腿中段，线条优雅、垂坠适度，
裙摆叠层次分明的白色荷叶边与蕾丝，裙面点缀细小金色十字星与精致装饰线。
正面系白色围裙，下缘呈柔和波浪形并镶花边，靠近裙角处印有蓝色小鲸鱼图案；
背后系宽大的白色蝴蝶结，缎带顺着裙摆垂落。腰后伸出深海蓝色鲸尾，略带柔和光泽，向外下方延伸，
末端展开为两片宽大的尾鳍，鳍缘渐变成浅蓝色。双腿穿白色过膝长袜，袜口饰蕾丝与深蓝小蝴蝶结；
脚穿深蓝色圆头玛丽珍鞋，脚背横带配金色圆扣，鞋跟为稳重方形中跟。
整体以深海蓝、钴蓝、浅青蓝与白色为主，宝石蓝与少量金色用于精细装饰。

【输出要求】只画一个角色、单幅画面：不要分栏、不要拼版、不要多视图并排、不要网格边框或格线、不要文字标注或箭头说明、不要水印、不要 UI 按钮或滚动条、不要角色设定表的版式。高度还原上述角色设计，画风为精致的日系动漫插画上色（干净的赛璐璐平涂 + 柔和渐变，清晰锐利的线稿）。"
P2,Q版·害羞脸红胸像,1024x1024,P2_Q版·害羞脸红胸像.png,P2_Q版·害羞脸红胸像.jpg,W008+W005,"【本次任务】画一张胸像特写（从头顶到胸口上方）：表情为害羞脸红——双颊明显泛红、眼神略微躲闪并微微向下、嘴巴小而轻轻抿起，双手轻握在胸前。正对镜头，浅景深，背景干净。

【角色锁定】【角色锁定·Q版大肥鱼】Q版蓝色鲸鱼娘，约三头身的圆润比例，大头小身材，整体轮廓柔软饱满。
头发以深海蓝为主色，从发根深蓝渐变到发尾明亮海蓝与浅青蓝；额前层叠斜刘海，几束短发贴着圆脸向内弯，
头顶翘起一根弧形呆毛；后发浓密修长，从肩背两侧垂下，末端散成微卷波浪发束。
脸颊圆润，眼睛占脸部很大比例，深蓝外圈包亮蓝虹膜，瞳孔中有大小不同的白色与浅蓝高光；
鼻子小巧，双颊淡粉，嘴巴小而精致。头戴拱起的白色层叠蕾丝女仆发箍，发箍两侧各系一枚亮蓝色小蝴蝶结；
头侧一对向两边展开的鲸鱼鳍状耳朵，外侧深海蓝，内缘带白色波浪形褶边。
身后一条厚实深蓝色鲸尾，从腰后向侧面弯起，末端分成两片圆润尾鳍，下侧颜色渐浅并带一点蓝紫。
身穿深蓝与白色相间的女仆裙：内层白色高领衬衫有细密纵向褶裥和深色纽扣，领口系深蓝蝴蝶结，
中央是一颗金边镶嵌的椭圆蓝宝石；外层深蓝短上衣收在腰间，泡泡袖，袖口露出白色蕾丝；
腰前宽大白色围裙，边缘一圈细密荷叶边，正中印有小蓝鲸与水花图案；深蓝短裙向外撑开，
裙摆下叠多层白色花边，裙面与袖口点缀细小金色十字星、针脚与浅金色蝴蝶结。
腿上白色花边短袜，脚上圆头深蓝色玛丽珍鞋，鞋面各有一枚浅金色小蝴蝶结。
配色以深海蓝、钴蓝、浅海蓝与白色为主，少量金色勾勒细节。

【输出要求】只画一个角色、单幅画面：不要分栏、不要拼版、不要多视图并排、不要网格边框或格线、不要文字标注或箭头说明、不要水印、不要 UI 按钮或滚动条、不要角色设定表的版式。高度还原上述角色设计，画风为精致的日系动漫插画上色（干净的赛璐璐平涂 + 柔和渐变，清晰锐利的线稿）。"
P3,成熟·开心大笑胸像,1024x1024,P3_成熟·开心大笑胸像.png,P3_成熟·开心大笑胸像.jpg,W019+W016,"【本次任务】画一张胸像特写（从头顶到胸口上方）：表情为开心大笑——眼睛弯成月牙形、张开嘴露出明朗笑容、眉毛上扬，神情明亮愉快。正对镜头，浅景深，背景干净。

【角色锁定】【角色锁定·成熟比例鲸鱼娘】成熟比例的蓝色鲸鱼娘，身形修长，腰线清晰，腿部比例较长，
头身比例接近成年女性角色。头发浓密，长度延伸到腰臀以下，发根深海蓝，发束中穿插钴蓝色光泽，
越靠近发尾越转为明亮海蓝与浅青蓝；长发从两肩向外铺开，末端形成层层波浪卷。
额前轻覆额头的侧分斜刘海，脸颊旁留着向内弯曲的短发，头顶一根细长呆毛自然向上弯起；
后脑上层头发编成一圈细辫，并在垂落长发之间系上蓝色蝴蝶结。
面部轮廓纤细柔和，眼睛呈明亮杏仁形，深蓝外圈包裹渐变至亮蓝的虹膜，点缀清晰浅色高光；
神情开朗亲切，眼尾自然舒展，嘴角扬起轻松真诚的笑容，脸颊带淡淡红晕。
头顶佩戴白色层叠蕾丝女仆发箍，两侧各有亮蓝色小蝴蝶结；头侧一对横向舒展的深蓝色鲸鱼鳍状耳朵，
鳍的内侧衬着白色波浪褶边。身穿深蓝与白色的精致女仆服：白色立领下系深蓝领结，
领结中央镶椭圆形蓝宝石与细金边；胸前是带纵向褶裥、纽扣和蕾丝边的白色布料，两肩有白色荷叶边肩饰；
深蓝色袖子微微蓬起，袖口收紧并露出白色花边。腰间贴合身形的深蓝色腰封，前面排列两行小巧金色纽扣。
深蓝色裙摆从腰部自然展开，长度落在小腿中段，线条优雅、垂坠适度，
裙摆叠层次分明的白色荷叶边与蕾丝，裙面点缀细小金色十字星与精致装饰线。
正面系白色围裙，下缘呈柔和波浪形并镶花边，靠近裙角处印有蓝色小鲸鱼图案；
背后系宽大的白色蝴蝶结，缎带顺着裙摆垂落。腰后伸出深海蓝色鲸尾，略带柔和光泽，向外下方延伸，
末端展开为两片宽大的尾鳍，鳍缘渐变成浅蓝色。双腿穿白色过膝长袜，袜口饰蕾丝与深蓝小蝴蝶结；
脚穿深蓝色圆头玛丽珍鞋，脚背横带配金色圆扣，鞋跟为稳重方形中跟。
整体以深海蓝、钴蓝、浅青蓝与白色为主，宝石蓝与少量金色用于精细装饰。

【输出要求】只画一个角色、单幅画面：不要分栏、不要拼版、不要多视图并排、不要网格边框或格线、不要文字标注或箭头说明、不要水印、不要 UI 按钮或滚动条、不要角色设定表的版式。高度还原上述角色设计，画风为精致的日系动漫插画上色（干净的赛璐璐平涂 + 柔和渐变，清晰锐利的线稿）。"
P4,成熟·坐姿抱膝,1024x1536,P4_成熟·坐姿抱膝.png,P4_成熟·坐姿抱膝.jpg,W016,"【本次任务】画一张坐姿全身立绘：角色坐在地上，双腿屈起、双臂环抱膝盖，身体微微前倾，脸朝向镜头，神情安静温柔。全身完整入画（必须包含鞋子与身后的鲸尾），背景干净，身下有柔和落影。

【角色锁定】【角色锁定·成熟比例鲸鱼娘】成熟比例的蓝色鲸鱼娘，身形修长，腰线清晰，腿部比例较长，
头身比例接近成年女性角色。头发浓密，长度延伸到腰臀以下，发根深海蓝，发束中穿插钴蓝色光泽，
越靠近发尾越转为明亮海蓝与浅青蓝；长发从两肩向外铺开，末端形成层层波浪卷。
额前轻覆额头的侧分斜刘海，脸颊旁留着向内弯曲的短发，头顶一根细长呆毛自然向上弯起；
后脑上层头发编成一圈细辫，并在垂落长发之间系上蓝色蝴蝶结。
面部轮廓纤细柔和，眼睛呈明亮杏仁形，深蓝外圈包裹渐变至亮蓝的虹膜，点缀清晰浅色高光；
神情开朗亲切，眼尾自然舒展，嘴角扬起轻松真诚的笑容，脸颊带淡淡红晕。
头顶佩戴白色层叠蕾丝女仆发箍，两侧各有亮蓝色小蝴蝶结；头侧一对横向舒展的深蓝色鲸鱼鳍状耳朵，
鳍的内侧衬着白色波浪褶边。身穿深蓝与白色的精致女仆服：白色立领下系深蓝领结，
领结中央镶椭圆形蓝宝石与细金边；胸前是带纵向褶裥、纽扣和蕾丝边的白色布料，两肩有白色荷叶边肩饰；
深蓝色袖子微微蓬起，袖口收紧并露出白色花边。腰间贴合身形的深蓝色腰封，前面排列两行小巧金色纽扣。
深蓝色裙摆从腰部自然展开，长度落在小腿中段，线条优雅、垂坠适度，
裙摆叠层次分明的白色荷叶边与蕾丝，裙面点缀细小金色十字星与精致装饰线。
正面系白色围裙，下缘呈柔和波浪形并镶花边，靠近裙角处印有蓝色小鲸鱼图案；
背后系宽大的白色蝴蝶结，缎带顺着裙摆垂落。腰后伸出深海蓝色鲸尾，略带柔和光泽，向外下方延伸，
末端展开为两片宽大的尾鳍，鳍缘渐变成浅蓝色。双腿穿白色过膝长袜，袜口饰蕾丝与深蓝小蝴蝶结；
脚穿深蓝色圆头玛丽珍鞋，脚背横带配金色圆扣，鞋跟为稳重方形中跟。
整体以深海蓝、钴蓝、浅青蓝与白色为主，宝石蓝与少量金色用于精细装饰。

【输出要求】只画一个角色、单幅画面：不要分栏、不要拼版、不要多视图并排、不要网格边框或格线、不要文字标注或箭头说明、不要水印、不要 UI 按钮或滚动条、不要角色设定表的版式。高度还原上述角色设计，画风为精致的日系动漫插画上色（干净的赛璐璐平涂 + 柔和渐变，清晰锐利的线稿）。"
P5,成熟·服装平铺拆解图,1536x1536,P5_成熟·服装平铺拆解图.png,P5_成熟·服装平铺拆解图.jpg,W016+W021+W024,"【本次任务】画一张服装平铺拆解图（flat lay）：把这套女仆服的各个部件分离平摊陈列在干净的浅色背景上，包含白色高领衬衫（带纵向褶裥与纽扣）、深蓝色微蓬袖短上衣、白色荷叶边围裙（带小鲸鱼图案）、深蓝色裙摆（带金色十字星与刺绣）、深蓝色腰封（带两行金色纽扣）、深蓝领结（含椭圆蓝宝石与金边）、白色荷叶边肩饰、白色过膝长袜、深蓝色圆头玛丽珍鞋。各部件分离摆放、互不重叠、朝向一致、阴影柔和。不要画人物，不要画穿着的身体，只画服装部件本身。

【角色锁定】【角色锁定·成熟比例鲸鱼娘】成熟比例的蓝色鲸鱼娘，身形修长，腰线清晰，腿部比例较长，
头身比例接近成年女性角色。头发浓密，长度延伸到腰臀以下，发根深海蓝，发束中穿插钴蓝色光泽，
越靠近发尾越转为明亮海蓝与浅青蓝；长发从两肩向外铺开，末端形成层层波浪卷。
额前轻覆额头的侧分斜刘海，脸颊旁留着向内弯曲的短发，头顶一根细长呆毛自然向上弯起；
后脑上层头发编成一圈细辫，并在垂落长发之间系上蓝色蝴蝶结。
面部轮廓纤细柔和，眼睛呈明亮杏仁形，深蓝外圈包裹渐变至亮蓝的虹膜，点缀清晰浅色高光；
神情开朗亲切，眼尾自然舒展，嘴角扬起轻松真诚的笑容，脸颊带淡淡红晕。
头顶佩戴白色层叠蕾丝女仆发箍，两侧各有亮蓝色小蝴蝶结；头侧一对横向舒展的深蓝色鲸鱼鳍状耳朵，
鳍的内侧衬着白色波浪褶边。身穿深蓝与白色的精致女仆服：白色立领下系深蓝领结，
领结中央镶椭圆形蓝宝石与细金边；胸前是带纵向褶裥、纽扣和蕾丝边的白色布料，两肩有白色荷叶边肩饰；
深蓝色袖子微微蓬起，袖口收紧并露出白色花边。腰间贴合身形的深蓝色腰封，前面排列两行小巧金色纽扣。
深蓝色裙摆从腰部自然展开，长度落在小腿中段，线条优雅、垂坠适度，
裙摆叠层次分明的白色荷叶边与蕾丝，裙面点缀细小金色十字星与精致装饰线。
正面系白色围裙，下缘呈柔和波浪形并镶花边，靠近裙角处印有蓝色小鲸鱼图案；
背后系宽大的白色蝴蝶结，缎带顺着裙摆垂落。腰后伸出深海蓝色鲸尾，略带柔和光泽，向外下方延伸，
末端展开为两片宽大的尾鳍，鳍缘渐变成浅蓝色。双腿穿白色过膝长袜，袜口饰蕾丝与深蓝小蝴蝶结；
脚穿深蓝色圆头玛丽珍鞋，脚背横带配金色圆扣，鞋跟为稳重方形中跟。
整体以深海蓝、钴蓝、浅青蓝与白色为主，宝石蓝与少量金色用于精细装饰。

【输出要求】只画一个角色、单幅画面：不要分栏、不要拼版、不要多视图并排、不要网格边框或格线、不要文字标注或箭头说明、不要水印、不要 UI 按钮或滚动条、不要角色设定表的版式。高度还原上述角色设计，画风为精致的日系动漫插画上色（干净的赛璐璐平涂 + 柔和渐变，清晰锐利的线稿）。"
P6,共享·金色装饰纹样总览,1536x1536,P6_共享·金色装饰纹样总览.png,P6_共享·金色装饰纹样总览.jpg,W024+W014+W009,"【本次任务】画一张装饰纹样素材总览：在干净的浅色画布上整齐陈列这套服装用到的金色装饰元素，包含细小的金色十字星（四角星）、金色针脚虚线、金色卷曲藤蔓绣线、浅金色小蝴蝶结、金色圆扣、金色波浪花边。所有元素呈清晰的平面矢量感纹样，边界明确、便于抠图复用。不要画人物，不要画衣服，只画纹样本身。

【角色锁定】【角色锁定·成熟比例鲸鱼娘】成熟比例的蓝色鲸鱼娘，身形修长，腰线清晰，腿部比例较长，
头身比例接近成年女性角色。头发浓密，长度延伸到腰臀以下，发根深海蓝，发束中穿插钴蓝色光泽，
越靠近发尾越转为明亮海蓝与浅青蓝；长发从两肩向外铺开，末端形成层层波浪卷。
额前轻覆额头的侧分斜刘海，脸颊旁留着向内弯曲的短发，头顶一根细长呆毛自然向上弯起；
后脑上层头发编成一圈细辫，并在垂落长发之间系上蓝色蝴蝶结。
面部轮廓纤细柔和，眼睛呈明亮杏仁形，深蓝外圈包裹渐变至亮蓝的虹膜，点缀清晰浅色高光；
神情开朗亲切，眼尾自然舒展，嘴角扬起轻松真诚的笑容，脸颊带淡淡红晕。
头顶佩戴白色层叠蕾丝女仆发箍，两侧各有亮蓝色小蝴蝶结；头侧一对横向舒展的深蓝色鲸鱼鳍状耳朵，
鳍的内侧衬着白色波浪褶边。身穿深蓝与白色的精致女仆服：白色立领下系深蓝领结，
领结中央镶椭圆形蓝宝石与细金边；胸前是带纵向褶裥、纽扣和蕾丝边的白色布料，两肩有白色荷叶边肩饰；
深蓝色袖子微微蓬起，袖口收紧并露出白色花边。腰间贴合身形的深蓝色腰封，前面排列两行小巧金色纽扣。
深蓝色裙摆从腰部自然展开，长度落在小腿中段，线条优雅、垂坠适度，
裙摆叠层次分明的白色荷叶边与蕾丝，裙面点缀细小金色十字星与精致装饰线。
正面系白色围裙，下缘呈柔和波浪形并镶花边，靠近裙角处印有蓝色小鲸鱼图案；
背后系宽大的白色蝴蝶结，缎带顺着裙摆垂落。腰后伸出深海蓝色鲸尾，略带柔和光泽，向外下方延伸，
末端展开为两片宽大的尾鳍，鳍缘渐变成浅蓝色。双腿穿白色过膝长袜，袜口饰蕾丝与深蓝小蝴蝶结；
脚穿深蓝色圆头玛丽珍鞋，脚背横带配金色圆扣，鞋跟为稳重方形中跟。
整体以深海蓝、钴蓝、浅青蓝与白色为主，宝石蓝与少量金色用于精细装饰。

【输出要求】只画一个角色、单幅画面：不要分栏、不要拼版、不要多视图并排、不要网格边框或格线、不要文字标注或箭头说明、不要水印、不要 UI 按钮或滚动条、不要角色设定表的版式。高度还原上述角色设计，画风为精致的日系动漫插画上色（干净的赛璐璐平涂 + 柔和渐变，清晰锐利的线稿）。"
P7,成熟·鲸尾结构多角度,1536x1536,P7_成熟·鲸尾结构多角度.png,P7_成熟·鲸尾结构多角度.jpg,W023+W018,"【本次任务】画一张鲸尾结构专项设定图：只画角色的鲸尾，展示四个不同角度（正面、侧面、俯视、尾鳍展开），清晰表现尾根与腰部的连接结构、厚实的尾柄、末端分成两片宽大圆润的尾鳍、以及尾鳍边缘由深海蓝渐变到浅蓝色的过渡。干净浅色背景，四个角度分离排布、互不重叠。不要画人物身体与头部。

【角色锁定】【角色锁定·成熟比例鲸鱼娘】成熟比例的蓝色鲸鱼娘，身形修长，腰线清晰，腿部比例较长，
头身比例接近成年女性角色。头发浓密，长度延伸到腰臀以下，发根深海蓝，发束中穿插钴蓝色光泽，
越靠近发尾越转为明亮海蓝与浅青蓝；长发从两肩向外铺开，末端形成层层波浪卷。
额前轻覆额头的侧分斜刘海，脸颊旁留着向内弯曲的短发，头顶一根细长呆毛自然向上弯起；
后脑上层头发编成一圈细辫，并在垂落长发之间系上蓝色蝴蝶结。
面部轮廓纤细柔和，眼睛呈明亮杏仁形，深蓝外圈包裹渐变至亮蓝的虹膜，点缀清晰浅色高光；
神情开朗亲切，眼尾自然舒展，嘴角扬起轻松真诚的笑容，脸颊带淡淡红晕。
头顶佩戴白色层叠蕾丝女仆发箍，两侧各有亮蓝色小蝴蝶结；头侧一对横向舒展的深蓝色鲸鱼鳍状耳朵，
鳍的内侧衬着白色波浪褶边。身穿深蓝与白色的精致女仆服：白色立领下系深蓝领结，
领结中央镶椭圆形蓝宝石与细金边；胸前是带纵向褶裥、纽扣和蕾丝边的白色布料，两肩有白色荷叶边肩饰；
深蓝色袖子微微蓬起，袖口收紧并露出白色花边。腰间贴合身形的深蓝色腰封，前面排列两行小巧金色纽扣。
深蓝色裙摆从腰部自然展开，长度落在小腿中段，线条优雅、垂坠适度，
裙摆叠层次分明的白色荷叶边与蕾丝，裙面点缀细小金色十字星与精致装饰线。
正面系白色围裙，下缘呈柔和波浪形并镶花边，靠近裙角处印有蓝色小鲸鱼图案；
背后系宽大的白色蝴蝶结，缎带顺着裙摆垂落。腰后伸出深海蓝色鲸尾，略带柔和光泽，向外下方延伸，
末端展开为两片宽大的尾鳍，鳍缘渐变成浅蓝色。双腿穿白色过膝长袜，袜口饰蕾丝与深蓝小蝴蝶结；
脚穿深蓝色圆头玛丽珍鞋，脚背横带配金色圆扣，鞋跟为稳重方形中跟。
整体以深海蓝、钴蓝、浅青蓝与白色为主，宝石蓝与少量金色用于精细装饰。

【输出要求】只画一个角色、单幅画面：不要分栏、不要拼版、不要多视图并排、不要网格边框或格线、不要文字标注或箭头说明、不要水印、不要 UI 按钮或滚动条、不要角色设定表的版式。高度还原上述角色设计，画风为精致的日系动漫插画上色（干净的赛璐璐平涂 + 柔和渐变，清晰锐利的线稿）。"
P8,Q版·纯线稿,1024x1024,P8_Q版·纯线稿.png,P8_Q版·纯线稿.jpg,W005,"【本次任务】画一张纯线稿：单色干净线条稿，只用清晰锐利的黑色线条勾勒角色轮廓与服装结构，保留头发分层、蕾丝荷叶边、蝴蝶结、金色十字星装饰的线条表现。不要上色、不要填色块、不要网点、不要灰阶渲染、不要阴影。背景纯白。用于二创描线参考。

【角色锁定】【角色锁定·Q版大肥鱼】Q版蓝色鲸鱼娘，约三头身的圆润比例，大头小身材，整体轮廓柔软饱满。
头发以深海蓝为主色，从发根深蓝渐变到发尾明亮海蓝与浅青蓝；额前层叠斜刘海，几束短发贴着圆脸向内弯，
头顶翘起一根弧形呆毛；后发浓密修长，从肩背两侧垂下，末端散成微卷波浪发束。
脸颊圆润，眼睛占脸部很大比例，深蓝外圈包亮蓝虹膜，瞳孔中有大小不同的白色与浅蓝高光；
鼻子小巧，双颊淡粉，嘴巴小而精致。头戴拱起的白色层叠蕾丝女仆发箍，发箍两侧各系一枚亮蓝色小蝴蝶结；
头侧一对向两边展开的鲸鱼鳍状耳朵，外侧深海蓝，内缘带白色波浪形褶边。
身后一条厚实深蓝色鲸尾，从腰后向侧面弯起，末端分成两片圆润尾鳍，下侧颜色渐浅并带一点蓝紫。
身穿深蓝与白色相间的女仆裙：内层白色高领衬衫有细密纵向褶裥和深色纽扣，领口系深蓝蝴蝶结，
中央是一颗金边镶嵌的椭圆蓝宝石；外层深蓝短上衣收在腰间，泡泡袖，袖口露出白色蕾丝；
腰前宽大白色围裙，边缘一圈细密荷叶边，正中印有小蓝鲸与水花图案；深蓝短裙向外撑开，
裙摆下叠多层白色花边，裙面与袖口点缀细小金色十字星、针脚与浅金色蝴蝶结。
腿上白色花边短袜，脚上圆头深蓝色玛丽珍鞋，鞋面各有一枚浅金色小蝴蝶结。
配色以深海蓝、钴蓝、浅海蓝与白色为主，少量金色勾勒细节。

【输出要求】只画一个角色、单幅画面：不要分栏、不要拼版、不要多视图并排、不要网格边框或格线、不要文字标注或箭头说明、不要水印、不要 UI 按钮或滚动条、不要角色设定表的版式。高度还原上述角色设计，画风为精致的日系动漫插画上色（干净的赛璐璐平涂 + 柔和渐变，清晰锐利的线稿）。"
